id,plaintext
http://mus.utu.fi/ZMUT.CCT1-141022,CCT1-141022
http://mus.utu.fi/ZMUT.CCT1-141104,CCT1-141104
http://mus.utu.fi/ZMUT.CCT1-141118,CCT1-141118
http://mus.utu.fi/ZMUT.CCT1-141202,CCT1-141202
http://mus.utu.fi/ZMUT.CCT1-141215,CCT1-141215
http://mus.utu.fi/ZMUT.CCT1-141229,CCT1-141229
http://mus.utu.fi/ZMUT.CCT1-150113,CCT1-150113
http://mus.utu.fi/ZMUT.CCT1-150127,CCT1-150127
http://mus.utu.fi/ZMUT.CCT1-150210,CCT1-150210
http://mus.utu.fi/ZMUT.CCT1-150224,CCT1-150224
http://mus.utu.fi/ZMUT.CCT1-150310,CCT1-150310
http://mus.utu.fi/ZMUT.CCT1-150324,CCT1-150324
http://mus.utu.fi/ZMUT.CCT1-150407,CCT1-150407
http://mus.utu.fi/ZMUT.CCT1-150421,CCT1-150421
http://mus.utu.fi/ZMUT.CCT1-150505,CCT1-150505
http://mus.utu.fi/ZMUT.CCT1-150519,CCT1-150519
http://mus.utu.fi/ZMUT.CCT1-150602,CCT1-150602
http://mus.utu.fi/ZMUT.CCT1-150617,CCT1-150617
http://mus.utu.fi/ZMUT.CCT1-150630,CCT1-150630
http://mus.utu.fi/ZMUT.CCT1-150714,CCT1-150714
http://mus.utu.fi/ZMUT.CCT1-150728,CCT1-150728
http://mus.utu.fi/ZMUT.CCT1-150811,CCT1-150811
http://mus.utu.fi/ZMUT.CCT1-150825,CCT1-150825
http://mus.utu.fi/ZMUT.CCT1-150911,CCT1-150911
http://mus.utu.fi/ZMUT.CCT2-141022,CCT2-141022
http://mus.utu.fi/ZMUT.CCT3-141022,CCT3-141022
http://mus.utu.fi/ZMUT.CCT3-141104,CCT3-141104
http://mus.utu.fi/ZMUT.CCT3-141118,CCT3-141118
http://mus.utu.fi/ZMUT.CCT3-141202,CCT3-141202
http://mus.utu.fi/ZMUT.CCT3-141215,CCT3-141215
http://mus.utu.fi/ZMUT.CCT3-141229,CCT3-141229
http://mus.utu.fi/ZMUT.CCT3-150113,CCT3-150113
http://mus.utu.fi/ZMUT.CCT3-150127,CCT3-150127
http://mus.utu.fi/ZMUT.CCT3-150210,CCT3-150210
http://mus.utu.fi/ZMUT.CCT3-150224,CCT3-150224
http://mus.utu.fi/ZMUT.CCT3-150310,CCT3-150310
http://mus.utu.fi/ZMUT.CCT3-150324,CCT3-150324
http://mus.utu.fi/ZMUT.CCT3-150407,CCT3-150407
http://mus.utu.fi/ZMUT.CCT3-150421,CCT3-150421
http://mus.utu.fi/ZMUT.CCT3-150505,CCT3-150505
http://mus.utu.fi/ZMUT.CCT3-150519,CCT3-150519
http://mus.utu.fi/ZMUT.CCT3-150602,CCT3-150602
http://mus.utu.fi/ZMUT.CCT3-150617,CCT3-150617
http://mus.utu.fi/ZMUT.CCT3-150630,CCT3-150630
http://mus.utu.fi/ZMUT.CCT3-150714,CCT3-150714
http://mus.utu.fi/ZMUT.CCT3-150728,CCT3-150728
http://mus.utu.fi/ZMUT.CCT3-150811,CCT3-150811
http://mus.utu.fi/ZMUT.CCT3-150825,CCT3-150825
http://mus.utu.fi/ZMUT.CCT3-150911,CCT3-150911
http://mus.utu.fi/ZMUT.CCT4-141104,CCT4-141104
http://mus.utu.fi/ZMUT.CCT4-141118,CCT4-141118
http://mus.utu.fi/ZMUT.CCT4-141202,CCT4-141202
http://mus.utu.fi/ZMUT.CCT4-141215,CCT4-141215
http://mus.utu.fi/ZMUT.CCT4-141229,CCT4-141229
http://mus.utu.fi/ZMUT.CCT4-150113,CCT4-150113
http://mus.utu.fi/ZMUT.CCT4-150127,CCT4-150127
http://mus.utu.fi/ZMUT.CCT4-150210,CCT4-150210
http://mus.utu.fi/ZMUT.CCT4-150224,CCT4-150224
http://mus.utu.fi/ZMUT.CCT4-150310,CCT4-150310
http://mus.utu.fi/ZMUT.CCT4-150324,CCT4-150324
http://mus.utu.fi/ZMUT.CCT4-150407,CCT4-150407
http://mus.utu.fi/ZMUT.CCT4-150421,CCT4-150421
http://mus.utu.fi/ZMUT.CCT4-150505,CCT4-150505
http://mus.utu.fi/ZMUT.CCT4-150519,CCT4-150519
http://mus.utu.fi/ZMUT.CCT4-150602,CCT4-150602
http://mus.utu.fi/ZMUT.CCT4-150617,CCT4-150617
http://mus.utu.fi/ZMUT.CCT4-150630,CCT4-150630
http://mus.utu.fi/ZMUT.CCT4-150714,CCT4-150714
http://mus.utu.fi/ZMUT.CCT4-150728,CCT4-150728
http://mus.utu.fi/ZMUT.CCT4-150811,CCT4-150811
http://mus.utu.fi/ZMUT.CCT4-150825,CCT4-150825
http://mus.utu.fi/ZMUT.CCT4-150911,CCT4-150911
http://mus.utu.fi/ZMUT.FARMT1-140925,FARMT1-140925
http://mus.utu.fi/ZMUT.FARMT1-141009,FARMT1-141009
http://mus.utu.fi/ZMUT.FARMT1-141024,FARMT1-141024
http://mus.utu.fi/ZMUT.FARMT1-141107,FARMT1-141107
http://mus.utu.fi/ZMUT.FARMT1-141120,FARMT1-141120
http://mus.utu.fi/ZMUT.FARMT1-141205,FARMT1-141205
http://mus.utu.fi/ZMUT.FARMT1-141216,FARMT1-141216
http://mus.utu.fi/ZMUT.FARMT1-141229,FARMT1-141229
http://mus.utu.fi/ZMUT.FARMT1-150115,FARMT1-150115
http://mus.utu.fi/ZMUT.FARMT1-150129,FARMT1-150129
http://mus.utu.fi/ZMUT.FARMT1-150212,FARMT1-150212
http://mus.utu.fi/ZMUT.FARMT1-150227,FARMT1-150227
http://mus.utu.fi/ZMUT.FARMT1-150314,FARMT1-150314
http://mus.utu.fi/ZMUT.FARMT1-150327,FARMT1-150327
http://mus.utu.fi/ZMUT.FARMT1-150410,FARMT1-150410
http://mus.utu.fi/ZMUT.FARMT1-150424,FARMT1-150424
http://mus.utu.fi/ZMUT.FARMT1-150508,FARMT1-150508
http://mus.utu.fi/ZMUT.FARMT1-150522,FARMT1-150522
http://mus.utu.fi/ZMUT.FARMT1-150605,FARMT1-150605
http://mus.utu.fi/ZMUT.FARMT1-150619,FARMT1-150619
http://mus.utu.fi/ZMUT.FARMT1-150703,FARMT1-150703
http://mus.utu.fi/ZMUT.FARMT1-150717,FARMT1-150717
http://mus.utu.fi/ZMUT.FARMT1-150731,FARMT1-150731
http://mus.utu.fi/ZMUT.FARMT1-150813,FARMT1-150813
http://mus.utu.fi/ZMUT.FARMT1-150828,FARMT1-150828
http://mus.utu.fi/ZMUT.FARMT2-140925,FARMT2-140925
http://mus.utu.fi/ZMUT.FARMT2-141009,FARMT2-141009
http://mus.utu.fi/ZMUT.FARMT2-141024,FARMT2-141024
http://mus.utu.fi/ZMUT.FARMT2-141107,FARMT2-141107
http://mus.utu.fi/ZMUT.FARMT2-141120,FARMT2-141120
http://mus.utu.fi/ZMUT.FARMT2-141205,FARMT2-141205
http://mus.utu.fi/ZMUT.FARMT2-141216,FARMT2-141216
http://mus.utu.fi/ZMUT.FARMT2-141229,FARMT2-141229
http://mus.utu.fi/ZMUT.FARMT2-150115,FARMT2-150115
http://mus.utu.fi/ZMUT.FARMT2-150129,FARMT2-150129
http://mus.utu.fi/ZMUT.FARMT2-150212,FARMT2-150212
http://mus.utu.fi/ZMUT.FARMT2-150227,FARMT2-150227
http://mus.utu.fi/ZMUT.FARMT2-150314,FARMT2-150314
http://mus.utu.fi/ZMUT.FARMT2-150327,FARMT2-150327
http://mus.utu.fi/ZMUT.FARMT2-150410,FARMT2-150410
http://mus.utu.fi/ZMUT.FARMT2-150424,FARMT2-150424
http://mus.utu.fi/ZMUT.FARMT2-150508,FARMT2-150508
http://mus.utu.fi/ZMUT.FARMT2-150522,FARMT2-150522
http://mus.utu.fi/ZMUT.FARMT2-150605,FARMT2-150605
http://mus.utu.fi/ZMUT.HILLT1-141023,HILLT1-141023
http://mus.utu.fi/ZMUT.HILLT1-141106,HILLT1-141106
http://mus.utu.fi/ZMUT.HILLT1-141121,HILLT1-141121
http://mus.utu.fi/ZMUT.HILLT1-141204,HILLT1-141204
http://mus.utu.fi/ZMUT.HILLT1-141215,HILLT1-141215
http://mus.utu.fi/ZMUT.HILLT1-141229,HILLT1-141229
http://mus.utu.fi/ZMUT.HILLT1-150114,HILLT1-150114
http://mus.utu.fi/ZMUT.HILLT1-150129,HILLT1-150129
http://mus.utu.fi/ZMUT.HILLT1-150212,HILLT1-150212
http://mus.utu.fi/ZMUT.HILLT1-150226,HILLT1-150226
http://mus.utu.fi/ZMUT.HILLT1-150312,HILLT1-150312
http://mus.utu.fi/ZMUT.HILLT1-150326,HILLT1-150326
http://mus.utu.fi/ZMUT.HILLT1-150409,HILLT1-150409
http://mus.utu.fi/ZMUT.HILLT1-150423,HILLT1-150423
http://mus.utu.fi/ZMUT.HILLT1-150507,HILLT1-150507
http://mus.utu.fi/ZMUT.HILLT1-150521,HILLT1-150521
http://mus.utu.fi/ZMUT.HILLT1-150604,HILLT1-150604
http://mus.utu.fi/ZMUT.HILLT1-150618,HILLT1-150618
http://mus.utu.fi/ZMUT.HILLT1-150702,HILLT1-150702
http://mus.utu.fi/ZMUT.HILLT1-150716,HILLT1-150716
http://mus.utu.fi/ZMUT.HILLT1-150730,HILLT1-150730
http://mus.utu.fi/ZMUT.HILLT1-150813,HILLT1-150813
http://mus.utu.fi/ZMUT.HILLT1-150828,HILLT1-150828
http://mus.utu.fi/ZMUT.HILLT1-150911,HILLT1-150911
http://mus.utu.fi/ZMUT.HILLT2-141023,HILLT2-141023
http://mus.utu.fi/ZMUT.HILLT2-141106,HILLT2-141106
http://mus.utu.fi/ZMUT.HILLT2-141121,HILLT2-141121
http://mus.utu.fi/ZMUT.HILLT2-141204,HILLT2-141204
http://mus.utu.fi/ZMUT.HILLT2-141215,HILLT2-141215
http://mus.utu.fi/ZMUT.HILLT2-141229,HILLT2-141229
http://mus.utu.fi/ZMUT.HILLT2-150114,HILLT2-150114
http://mus.utu.fi/ZMUT.HILLT2-150129,HILLT2-150129
http://mus.utu.fi/ZMUT.HILLT2-150212,HILLT2-150212
http://mus.utu.fi/ZMUT.HILLT2-150226,HILLT2-150226
http://mus.utu.fi/ZMUT.HILLT2-150312,HILLT2-150312
http://mus.utu.fi/ZMUT.HILLT2-150326,HILLT2-150326
http://mus.utu.fi/ZMUT.HILLT2-150409,HILLT2-150409
http://mus.utu.fi/ZMUT.HILLT2-150423,HILLT2-150423
http://mus.utu.fi/ZMUT.HILLT2-150507,HILLT2-150507
http://mus.utu.fi/ZMUT.HILLT2-150521,HILLT2-150521
http://mus.utu.fi/ZMUT.HILLT2-150604,HILLT2-150604
http://mus.utu.fi/ZMUT.HILLT2-150618,HILLT2-150618
http://mus.utu.fi/ZMUT.HILLT2-150702,HILLT2-150702
http://mus.utu.fi/ZMUT.HILLT2-150716,HILLT2-150716
http://mus.utu.fi/ZMUT.HILLT2-150730,HILLT2-150730
http://mus.utu.fi/ZMUT.HILLT2-150813,HILLT2-150813
http://mus.utu.fi/ZMUT.HILLT2-150828,HILLT2-150828
http://mus.utu.fi/ZMUT.HILLT2-150911,HILLT2-150911
http://mus.utu.fi/ZMUT.K13T1-141020,K13T1-141020
http://mus.utu.fi/ZMUT.K13T1-141103,K13T1-141103
http://mus.utu.fi/ZMUT.K13T1-141117,K13T1-141117
http://mus.utu.fi/ZMUT.K13T1-141203,K13T1-141203
http://mus.utu.fi/ZMUT.K13T1-141215,K13T1-141215
http://mus.utu.fi/ZMUT.K13T1-141228,K13T1-141228
http://mus.utu.fi/ZMUT.K13T1-150115,K13T1-150115
http://mus.utu.fi/ZMUT.K13T1-150126,K13T1-150126
http://mus.utu.fi/ZMUT.K13T1-150209,K13T1-150209
http://mus.utu.fi/ZMUT.K13T1-150222,K13T1-150222
http://mus.utu.fi/ZMUT.K13T1-150309,K13T1-150309
http://mus.utu.fi/ZMUT.K13T1-150323,K13T1-150323
http://mus.utu.fi/ZMUT.K13T1-150406,K13T1-150406
http://mus.utu.fi/ZMUT.K13T1-150420,K13T1-150420
http://mus.utu.fi/ZMUT.K13T1-150504,K13T1-150504
http://mus.utu.fi/ZMUT.K13T1-150520,K13T1-150520
http://mus.utu.fi/ZMUT.K13T1-150601,K13T1-150601
http://mus.utu.fi/ZMUT.K13T1-150615,K13T1-150615
http://mus.utu.fi/ZMUT.K13T1-150629,K13T1-150629
http://mus.utu.fi/ZMUT.K13T1-150713,K13T1-150713
http://mus.utu.fi/ZMUT.K13T1-150727,K13T1-150727
http://mus.utu.fi/ZMUT.K13T1-150810,K13T1-150810
http://mus.utu.fi/ZMUT.K13T1-150827,K13T1-150827
http://mus.utu.fi/ZMUT.K13T1-150907,K13T1-150907
http://mus.utu.fi/ZMUT.K13T2-141020,K13T2-141020
http://mus.utu.fi/ZMUT.K13T2-141103,K13T2-141103
http://mus.utu.fi/ZMUT.K13T2-141117,K13T2-141117
http://mus.utu.fi/ZMUT.K13T2-141203,K13T2-141203
http://mus.utu.fi/ZMUT.K13T2-141215,K13T2-141215
http://mus.utu.fi/ZMUT.K13T2-141228,K13T2-141228
http://mus.utu.fi/ZMUT.K13T2-150115,K13T2-150115
http://mus.utu.fi/ZMUT.K13T2-150126,K13T2-150126
http://mus.utu.fi/ZMUT.K13T2-150209,K13T2-150209
http://mus.utu.fi/ZMUT.K13T2-150222,K13T2-150222
http://mus.utu.fi/ZMUT.K13T2-150309,K13T2-150309
http://mus.utu.fi/ZMUT.K13T2-150323,K13T2-150323
http://mus.utu.fi/ZMUT.K13T2-150406,K13T2-150406
http://mus.utu.fi/ZMUT.K13T2-150420,K13T2-150420
http://mus.utu.fi/ZMUT.K13T2-150504,K13T2-150504
http://mus.utu.fi/ZMUT.K13T2-150520,K13T2-150520
http://mus.utu.fi/ZMUT.K13T2-150601,K13T2-150601
http://mus.utu.fi/ZMUT.K13T2-150615,K13T2-150615
http://mus.utu.fi/ZMUT.K13T2-150629,K13T2-150629
http://mus.utu.fi/ZMUT.K13T2-150713,K13T2-150713
http://mus.utu.fi/ZMUT.K13T2-150727,K13T2-150727
http://mus.utu.fi/ZMUT.K13T2-150810,K13T2-150810
http://mus.utu.fi/ZMUT.K13T2-150827,K13T2-150827
http://mus.utu.fi/ZMUT.K13T2-150907,K13T2-150907
http://mus.utu.fi/ZMUT.K13T3-141020,K13T3-141020
http://mus.utu.fi/ZMUT.K13T3-141103,K13T3-141103
http://mus.utu.fi/ZMUT.K13T3-141117,K13T3-141117
http://mus.utu.fi/ZMUT.K13T3-141203,K13T3-141203
http://mus.utu.fi/ZMUT.K13T3-141215,K13T3-141215
http://mus.utu.fi/ZMUT.K13T3-141228,K13T3-141228
http://mus.utu.fi/ZMUT.K13T3-150112,K13T3-150112
http://mus.utu.fi/ZMUT.K13T3-150126,K13T3-150126
http://mus.utu.fi/ZMUT.K13T3-150209,K13T3-150209
http://mus.utu.fi/ZMUT.K13T3-150222,K13T3-150222
http://mus.utu.fi/ZMUT.K13T3-150309,K13T3-150309
http://mus.utu.fi/ZMUT.K13T3-150323,K13T3-150323
http://mus.utu.fi/ZMUT.K13T3-150406,K13T3-150406
http://mus.utu.fi/ZMUT.K13T3-150420,K13T3-150420
http://mus.utu.fi/ZMUT.K13T3-150504,K13T3-150504
http://mus.utu.fi/ZMUT.K13T3-150518,K13T3-150518
http://mus.utu.fi/ZMUT.K13T3-150601,K13T3-150601
http://mus.utu.fi/ZMUT.K13T3-150615,K13T3-150615
http://mus.utu.fi/ZMUT.K13T3-150629,K13T3-150629
http://mus.utu.fi/ZMUT.R01T1-141024,R01T1-141024
http://mus.utu.fi/ZMUT.R01T1-141107,R01T1-141107
http://mus.utu.fi/ZMUT.R01T1-141121,R01T1-141121
http://mus.utu.fi/ZMUT.R01T1-141205,R01T1-141205
http://mus.utu.fi/ZMUT.R01T1-141216,R01T1-141216
http://mus.utu.fi/ZMUT.R01T1-141229,R01T1-141229
http://mus.utu.fi/ZMUT.R01T1-150114,R01T1-150114
http://mus.utu.fi/ZMUT.R01T1-150129,R01T1-150129
http://mus.utu.fi/ZMUT.R01T1-150212,R01T1-150212
http://mus.utu.fi/ZMUT.R01T1-150227,R01T1-150227
http://mus.utu.fi/ZMUT.R01T1-150314,R01T1-150314
http://mus.utu.fi/ZMUT.R01T1-150327,R01T1-150327
http://mus.utu.fi/ZMUT.R01T1-150410,R01T1-150410
http://mus.utu.fi/ZMUT.R01T1-150424,R01T1-150424
http://mus.utu.fi/ZMUT.R01T1-150508,R01T1-150508
http://mus.utu.fi/ZMUT.R01T1-150522,R01T1-150522
http://mus.utu.fi/ZMUT.R01T1-150605,R01T1-150605
http://mus.utu.fi/ZMUT.R01T1-150619,R01T1-150619
http://mus.utu.fi/ZMUT.R01T1-150703,R01T1-150703
http://mus.utu.fi/ZMUT.R01T1-150717,R01T1-150717
http://mus.utu.fi/ZMUT.R01T1-150731,R01T1-150731
http://mus.utu.fi/ZMUT.R01T1-150813,R01T1-150813
http://mus.utu.fi/ZMUT.R01T1-150828,R01T1-150828
http://mus.utu.fi/ZMUT.R01T1-150914,R01T1-150914
http://mus.utu.fi/ZMUT.R01T2-141024,R01T2-141024
http://mus.utu.fi/ZMUT.R01T2-141107,R01T2-141107
http://mus.utu.fi/ZMUT.R01T2-141124,R01T2-141124
http://mus.utu.fi/ZMUT.R01T2-141205,R01T2-141205
http://mus.utu.fi/ZMUT.R01T2-141216,R01T2-141216
http://mus.utu.fi/ZMUT.R01T2-141229,R01T2-141229
http://mus.utu.fi/ZMUT.R01T2-150114,R01T2-150114
http://mus.utu.fi/ZMUT.R01T2-150129,R01T2-150129
http://mus.utu.fi/ZMUT.R01T2-150212,R01T2-150212
http://mus.utu.fi/ZMUT.R01T2-150227,R01T2-150227
http://mus.utu.fi/ZMUT.R01T2-150314,R01T2-150314
http://mus.utu.fi/ZMUT.R01T2-150327,R01T2-150327
http://mus.utu.fi/ZMUT.R01T2-150410,R01T2-150410
http://mus.utu.fi/ZMUT.R01T2-150424,R01T2-150424
http://mus.utu.fi/ZMUT.R01T2-150508,R01T2-150508
http://mus.utu.fi/ZMUT.R01T2-150522,R01T2-150522
http://mus.utu.fi/ZMUT.R01T2-150605,R01T2-150605
http://mus.utu.fi/ZMUT.R01T2-150619,R01T2-150619
http://mus.utu.fi/ZMUT.R01T2-150703,R01T2-150703
http://mus.utu.fi/ZMUT.R01T2-150717,R01T2-150717
http://mus.utu.fi/ZMUT.R01T2-150731,R01T2-150731
http://mus.utu.fi/ZMUT.R01T2-150814,R01T2-150814
http://mus.utu.fi/ZMUT.R01T2-150828,R01T2-150828
http://mus.utu.fi/ZMUT.R01T2-150912,R01T2-150912
http://mus.utu.fi/ZMUT.R03T1-140911,R03T1-140911
http://mus.utu.fi/ZMUT.R03T1-140925,R03T1-140925
http://mus.utu.fi/ZMUT.R03T1-141009,R03T1-141009
http://mus.utu.fi/ZMUT.R03T1-141023,R03T1-141023
http://mus.utu.fi/ZMUT.R03T1-141106,R03T1-141106
http://mus.utu.fi/ZMUT.R03T1-141121,R03T1-141121
http://mus.utu.fi/ZMUT.R03T1-141204,R03T1-141204
http://mus.utu.fi/ZMUT.R03T1-141217,R03T1-141217
http://mus.utu.fi/ZMUT.R03T1-141229,R03T1-141229
http://mus.utu.fi/ZMUT.R03T1-150115,R03T1-150115
http://mus.utu.fi/ZMUT.R03T1-150202,R03T1-150202
http://mus.utu.fi/ZMUT.R03T1-150212,R03T1-150212
http://mus.utu.fi/ZMUT.R03T1-150226,R03T1-150226
http://mus.utu.fi/ZMUT.R03T1-150312,R03T1-150312
http://mus.utu.fi/ZMUT.R03T1-150326,R03T1-150326
http://mus.utu.fi/ZMUT.R03T1-150409,R03T1-150409
http://mus.utu.fi/ZMUT.R03T1-150423,R03T1-150423
http://mus.utu.fi/ZMUT.R03T1-150507,R03T1-150507
http://mus.utu.fi/ZMUT.R03T1-150521,R03T1-150521
http://mus.utu.fi/ZMUT.R03T1-150604,R03T1-150604
http://mus.utu.fi/ZMUT.R03T1-150618,R03T1-150618
http://mus.utu.fi/ZMUT.R03T1-150702,R03T1-150702
http://mus.utu.fi/ZMUT.R03T1-150716,R03T1-150716
http://mus.utu.fi/ZMUT.R03T1-150730,R03T1-150730
http://mus.utu.fi/ZMUT.R03T1-150814,R03T1-150814
http://mus.utu.fi/ZMUT.R03T1-150826,R03T1-150826
http://mus.utu.fi/ZMUT.R03T1-150912,R03T1-150912
http://mus.utu.fi/ZMUT.R03T2-140911,R03T2-140911
http://mus.utu.fi/ZMUT.R03T2-140925,R03T2-140925
http://mus.utu.fi/ZMUT.R03T2-141009,R03T2-141009
http://mus.utu.fi/ZMUT.R03T2-141023,R03T2-141023
http://mus.utu.fi/ZMUT.R03T2-141106,R03T2-141106
http://mus.utu.fi/ZMUT.R03T2-141121,R03T2-141121
http://mus.utu.fi/ZMUT.R03T2-141204,R03T2-141204
http://mus.utu.fi/ZMUT.R03T2-141217,R03T2-141217
http://mus.utu.fi/ZMUT.R03T2-141229,R03T2-141229
http://mus.utu.fi/ZMUT.R03T2-150115,R03T2-150115
http://mus.utu.fi/ZMUT.R03T2-150202,R03T2-150202
http://mus.utu.fi/ZMUT.R03T2-150212,R03T2-150212
http://mus.utu.fi/ZMUT.R03T2-150226,R03T2-150226
http://mus.utu.fi/ZMUT.R03T2-150312,R03T2-150312
http://mus.utu.fi/ZMUT.R03T2-150326,R03T2-150326
http://mus.utu.fi/ZMUT.R03T2-150409,R03T2-150409
http://mus.utu.fi/ZMUT.R03T2-150423,R03T2-150423
http://mus.utu.fi/ZMUT.R03T2-150507,R03T2-150507
http://mus.utu.fi/ZMUT.R03T2-150521,R03T2-150521
http://mus.utu.fi/ZMUT.R03T2-150604,R03T2-150604
http://mus.utu.fi/ZMUT.R03T2-150618,R03T2-150618
http://mus.utu.fi/ZMUT.R03T2-150702,R03T2-150702
http://mus.utu.fi/ZMUT.R03T2-150716,R03T2-150716
http://mus.utu.fi/ZMUT.R03T2-150730,R03T2-150730
http://mus.utu.fi/ZMUT.R03T2-150814,R03T2-150814
http://mus.utu.fi/ZMUT.R03T2-150826,R03T2-150826
http://mus.utu.fi/ZMUT.R03T2-150912,R03T2-150912
http://mus.utu.fi/ZMUT.TRAILT1-141024,TRAILT1-141024
http://mus.utu.fi/ZMUT.TRAILT1-141107,TRAILT1-141107
http://mus.utu.fi/ZMUT.TRAILT1-141121,TRAILT1-141121
http://mus.utu.fi/ZMUT.TRAILT1-141205,TRAILT1-141205
http://mus.utu.fi/ZMUT.TRAILT1-141214,TRAILT1-141214
http://mus.utu.fi/ZMUT.TRAILT1-141229,TRAILT1-141229
http://mus.utu.fi/ZMUT.TRAILT1-150114,TRAILT1-150114
http://mus.utu.fi/ZMUT.TRAILT1-150129,TRAILT1-150129
http://mus.utu.fi/ZMUT.TRAILT1-150212,TRAILT1-150212
http://mus.utu.fi/ZMUT.TRAILT1-150227,TRAILT1-150227
http://mus.utu.fi/ZMUT.TRAILT1-150314,TRAILT1-150314
http://mus.utu.fi/ZMUT.TRAILT1-150327,TRAILT1-150327
http://mus.utu.fi/ZMUT.TRAILT1-150410,TRAILT1-150410
http://mus.utu.fi/ZMUT.TRAILT1-150424,TRAILT1-150424
http://mus.utu.fi/ZMUT.TRAILT1-150508,TRAILT1-150508
http://mus.utu.fi/ZMUT.TRAILT1-150522,TRAILT1-150522
http://mus.utu.fi/ZMUT.TRAILT1-150605,TRAILT1-150605
http://mus.utu.fi/ZMUT.TRAILT1-150619,TRAILT1-150619
http://mus.utu.fi/ZMUT.TRAILT1-150703,TRAILT1-150703
http://mus.utu.fi/ZMUT.TRAILT1-150717,TRAILT1-150717
http://mus.utu.fi/ZMUT.TRAILT1-150731,TRAILT1-150731
http://mus.utu.fi/ZMUT.TRAILT1-150813,TRAILT1-150813
http://mus.utu.fi/ZMUT.TRAILT1-150828,TRAILT1-150828
http://mus.utu.fi/ZMUT.TRAILT1-150914,TRAILT1-150914
http://mus.utu.fi/ZMUT.9552,a1-1
http://mus.utu.fi/ZMUT.9553,a1-2
http://mus.utu.fi/ZMUT.9554,a1-3
http://mus.utu.fi/ZMUT.9555,a1-4
http://mus.utu.fi/ZMUT.9556,a1-5
http://mus.utu.fi/ZMUT.9557,a1-6
http://mus.utu.fi/ZMUT.9558,a1-7
http://mus.utu.fi/ZMUT.9559,a1-8
http://mus.utu.fi/ZMUT.9560,a1-9
http://mus.utu.fi/ZMUT.9561,a2-1
http://mus.utu.fi/ZMUT.9562,a2-2
http://mus.utu.fi/ZMUT.9563,a2-3
http://mus.utu.fi/ZMUT.9564,a2-4
http://mus.utu.fi/ZMUT.9565,a2-5
http://mus.utu.fi/ZMUT.9566,a2-6
http://mus.utu.fi/ZMUT.9567,a2-7
http://mus.utu.fi/ZMUT.9568,a2-8
http://mus.utu.fi/ZMUT.9569,a2-9
http://mus.utu.fi/ZMUT.9570,b1-2
http://mus.utu.fi/ZMUT.9571,b1-3
http://mus.utu.fi/ZMUT.9572,b1-4
http://mus.utu.fi/ZMUT.9573,b1-5
http://mus.utu.fi/ZMUT.9574,b1-6
http://mus.utu.fi/ZMUT.9575,b1-7
http://mus.utu.fi/ZMUT.9576,b1-8
http://mus.utu.fi/ZMUT.9577,b1-9
http://mus.utu.fi/ZMUT.9578,b2-1
http://mus.utu.fi/ZMUT.9579,b2-2
http://mus.utu.fi/ZMUT.9580,b2-4
http://mus.utu.fi/ZMUT.9581,b2-5
http://mus.utu.fi/ZMUT.9582,b2-6
http://mus.utu.fi/ZMUT.9583,b2-7
http://mus.utu.fi/ZMUT.9584,b2-8
http://mus.utu.fi/ZMUT.9585,b2-9
http://mus.utu.fi/ZMUT.9586,b3-1
http://mus.utu.fi/ZMUT.9587,b3-2
http://mus.utu.fi/ZMUT.9588,b3-3
http://mus.utu.fi/ZMUT.9589,b3-4
http://mus.utu.fi/ZMUT.9590,b3-5
http://mus.utu.fi/ZMUT.9591,b3-6
http://mus.utu.fi/ZMUT.9592,b3-7
http://mus.utu.fi/ZMUT.9593,b3-8
http://mus.utu.fi/ZMUT.9594,b3-9
http://mus.utu.fi/ZMUT.9595,c1-1
http://mus.utu.fi/ZMUT.9596,c1-2
http://mus.utu.fi/ZMUT.9597,c1-3
http://mus.utu.fi/ZMUT.9598,c1-4
http://mus.utu.fi/ZMUT.9599,c1-7
http://mus.utu.fi/ZMUT.9600,c1-8
http://mus.utu.fi/ZMUT.9601,c1-9
http://mus.utu.fi/ZMUT.9602,c2-1
http://mus.utu.fi/ZMUT.9603,c2-2
http://mus.utu.fi/ZMUT.9604,c2-3
http://mus.utu.fi/ZMUT.9605,c2-4
http://mus.utu.fi/ZMUT.9606,c2-5
http://mus.utu.fi/ZMUT.9607,c2-6
http://mus.utu.fi/ZMUT.9608,c2-7
http://mus.utu.fi/ZMUT.9609,c2-8
http://mus.utu.fi/ZMUT.9610,c2-9
http://mus.utu.fi/ZMUT.9611,d1-1
http://mus.utu.fi/ZMUT.9612,d1-2
http://mus.utu.fi/ZMUT.9613,d1-3
http://mus.utu.fi/ZMUT.9614,d1-4
http://mus.utu.fi/ZMUT.9615,d1-5
http://mus.utu.fi/ZMUT.9616,d1-6
http://mus.utu.fi/ZMUT.9617,d1-7
http://mus.utu.fi/ZMUT.9618,d1-8
http://mus.utu.fi/ZMUT.9619,d1-9
http://mus.utu.fi/ZMUT.9620,d2-1
http://mus.utu.fi/ZMUT.9621,d2-2
http://mus.utu.fi/ZMUT.9622,d2-3
http://mus.utu.fi/ZMUT.9623,d2-4
http://mus.utu.fi/ZMUT.9624,d2-5
http://mus.utu.fi/ZMUT.9625,d2-6
http://mus.utu.fi/ZMUT.9626,d2-7
http://mus.utu.fi/ZMUT.9627,d2-8
http://mus.utu.fi/ZMUT.9628,d2-9
http://mus.utu.fi/ZMUT.9629,d3-1
http://mus.utu.fi/ZMUT.9630,d3-2
http://mus.utu.fi/ZMUT.9631,d3-3
http://mus.utu.fi/ZMUT.9632,d3-4
http://mus.utu.fi/ZMUT.9633,d3-5
http://mus.utu.fi/ZMUT.9634,d3-6
http://mus.utu.fi/ZMUT.9635,d3-7
http://mus.utu.fi/ZMUT.9636,d3-8
http://mus.utu.fi/ZMUT.9637,d3-9
http://mus.utu.fi/ZMUT.9638,e1-1
http://mus.utu.fi/ZMUT.9639,e1-2
http://mus.utu.fi/ZMUT.9640,e1-3
http://mus.utu.fi/ZMUT.9641,e1-4
http://mus.utu.fi/ZMUT.9642,e1-5
http://mus.utu.fi/ZMUT.9643,e1-7
http://mus.utu.fi/ZMUT.9644,e1-8
http://mus.utu.fi/ZMUT.9645,e1-9
http://mus.utu.fi/ZMUT.9646,e1-10
http://mus.utu.fi/ZMUT.9647,e1-11
http://mus.utu.fi/ZMUT.9648,e1-12
http://mus.utu.fi/ZMUT.9649,e1-13
http://mus.utu.fi/ZMUT.9650,e1-14
http://mus.utu.fi/ZMUT.9651,e1-15
http://mus.utu.fi/ZMUT.9652,e1-16
http://mus.utu.fi/ZMUT.9653,e1-17
http://mus.utu.fi/ZMUT.9654,e1-18
http://mus.utu.fi/ZMUT.9655,e2-1
http://mus.utu.fi/ZMUT.9656,e2-2
http://mus.utu.fi/ZMUT.9657,e2-3
http://mus.utu.fi/ZMUT.9658,e2-4
http://mus.utu.fi/ZMUT.9659,e2-5
http://mus.utu.fi/ZMUT.9660,e2-7
http://mus.utu.fi/ZMUT.9661,e2-9
http://mus.utu.fi/ZMUT.9662,e2-11
http://mus.utu.fi/ZMUT.9663,e2-12
http://mus.utu.fi/ZMUT.9664,e2-13
http://mus.utu.fi/ZMUT.9665,e2-14
http://mus.utu.fi/ZMUT.9666,e2-15
http://mus.utu.fi/ZMUT.9667,e2-18
http://mus.utu.fi/ZMUT.9668,e3-1
http://mus.utu.fi/ZMUT.9669,e3-2
http://mus.utu.fi/ZMUT.9670,e3-3
http://mus.utu.fi/ZMUT.9671,e3-4
http://mus.utu.fi/ZMUT.9672,e3-5
http://mus.utu.fi/ZMUT.9673,e3-7
http://mus.utu.fi/ZMUT.9674,e3-9
http://mus.utu.fi/ZMUT.9675,e3-11
http://mus.utu.fi/ZMUT.9676,e3-12
http://mus.utu.fi/ZMUT.9677,e3-13
http://mus.utu.fi/ZMUT.9678,e3-14
http://mus.utu.fi/ZMUT.9679,e3-15
http://mus.utu.fi/ZMUT.9680,e3-18
http://mus.utu.fi/ZMUT.9681,f1-1
http://mus.utu.fi/ZMUT.9682,f1-2
http://mus.utu.fi/ZMUT.9683,f1-3
http://mus.utu.fi/ZMUT.9684,f1-4
http://mus.utu.fi/ZMUT.9685,f1-5
http://mus.utu.fi/ZMUT.9686,f1-7
http://mus.utu.fi/ZMUT.9687,f1-8
http://mus.utu.fi/ZMUT.9688,f1-9
http://mus.utu.fi/ZMUT.9689,f1-10
http://mus.utu.fi/ZMUT.9690,f1-11
http://mus.utu.fi/ZMUT.9691,f1-12
http://mus.utu.fi/ZMUT.9692,f1-13
http://mus.utu.fi/ZMUT.9693,f1-14
http://mus.utu.fi/ZMUT.9694,f1-15
http://mus.utu.fi/ZMUT.9695,f1-16
http://mus.utu.fi/ZMUT.9696,f1-17
http://mus.utu.fi/ZMUT.9697,f1-18
http://mus.utu.fi/ZMUT.9698,f2-1
http://mus.utu.fi/ZMUT.9699,f2-2
http://mus.utu.fi/ZMUT.9700,f2-3
http://mus.utu.fi/ZMUT.9701,f2-4
http://mus.utu.fi/ZMUT.9702,f2-5
http://mus.utu.fi/ZMUT.9703,f2-7
http://mus.utu.fi/ZMUT.9704,f2-9
http://mus.utu.fi/ZMUT.9705,f2-10
http://mus.utu.fi/ZMUT.9706,f2-11
http://mus.utu.fi/ZMUT.9707,f2-12
http://mus.utu.fi/ZMUT.9708,f2-13
http://mus.utu.fi/ZMUT.9709,f2-14
http://mus.utu.fi/ZMUT.9710,f2-15
http://mus.utu.fi/ZMUT.9711,f2-17
http://mus.utu.fi/ZMUT.9712,g1-1
http://mus.utu.fi/ZMUT.9713,g1-2
http://mus.utu.fi/ZMUT.9714,g1-3
http://mus.utu.fi/ZMUT.9715,g1-4
http://mus.utu.fi/ZMUT.9716,g1-5
http://mus.utu.fi/ZMUT.9717,g1-8
http://mus.utu.fi/ZMUT.9718,g1-9
http://mus.utu.fi/ZMUT.9719,g1-10
http://mus.utu.fi/ZMUT.9720,g1-13
http://mus.utu.fi/ZMUT.9721,g1-15
http://mus.utu.fi/ZMUT.9722,g1-18
http://mus.utu.fi/ZMUT.9723,g1-19
http://mus.utu.fi/ZMUT.9724,g2-1
http://mus.utu.fi/ZMUT.9725,g2-2
http://mus.utu.fi/ZMUT.9726,g2-3
http://mus.utu.fi/ZMUT.9727,g2-4
http://mus.utu.fi/ZMUT.9728,g2-5
http://mus.utu.fi/ZMUT.9729,g2-6
http://mus.utu.fi/ZMUT.9730,g2-7
http://mus.utu.fi/ZMUT.9731,g2-8
http://mus.utu.fi/ZMUT.9732,g2-9
http://mus.utu.fi/ZMUT.9733,g2-10
http://mus.utu.fi/ZMUT.9734,g2-11
http://mus.utu.fi/ZMUT.9735,g2-12
http://mus.utu.fi/ZMUT.9736,g2-13
http://mus.utu.fi/ZMUT.9737,g2-14
http://mus.utu.fi/ZMUT.9738,g2-15
http://mus.utu.fi/ZMUT.9739,g2-16
http://mus.utu.fi/ZMUT.9740,g2-17
http://mus.utu.fi/ZMUT.9741,g2-18
http://mus.utu.fi/ZMUT.9742,g2-19
http://mus.utu.fi/ZMUT.9743,g3-1
http://mus.utu.fi/ZMUT.9744,g3-2
http://mus.utu.fi/ZMUT.9745,g3-3
http://mus.utu.fi/ZMUT.9746,g3-4
http://mus.utu.fi/ZMUT.9747,g3-5
http://mus.utu.fi/ZMUT.9748,g3-6
http://mus.utu.fi/ZMUT.9749,g3-10
http://mus.utu.fi/ZMUT.9750,g3-11
http://mus.utu.fi/ZMUT.9751,g3-12
http://mus.utu.fi/ZMUT.9752,g3-13
http://mus.utu.fi/ZMUT.9753,g3-14
http://mus.utu.fi/ZMUT.9754,g3-15
http://mus.utu.fi/ZMUT.9755,g3-16
http://mus.utu.fi/ZMUT.9756,g3-17
http://mus.utu.fi/ZMUT.9757,g3-18
http://mus.utu.fi/ZMUT.9758,h1-1
http://mus.utu.fi/ZMUT.9759,h1-2
http://mus.utu.fi/ZMUT.9760,h1-3
http://mus.utu.fi/ZMUT.9761,h1-4
http://mus.utu.fi/ZMUT.9762,h1-5
http://mus.utu.fi/ZMUT.9763,h1-6
http://mus.utu.fi/ZMUT.9764,h1-7
http://mus.utu.fi/ZMUT.9765,h1-8
http://mus.utu.fi/ZMUT.9766,h1-9
http://mus.utu.fi/ZMUT.9767,h1-10
http://mus.utu.fi/ZMUT.9768,h1-11
http://mus.utu.fi/ZMUT.9769,h1-12
http://mus.utu.fi/ZMUT.9770,h1-13
http://mus.utu.fi/ZMUT.9771,h1-14
http://mus.utu.fi/ZMUT.9772,h1-15
http://mus.utu.fi/ZMUT.9773,h1-16
http://mus.utu.fi/ZMUT.9774,h1-17
http://mus.utu.fi/ZMUT.9775,h1-19
http://mus.utu.fi/ZMUT.9776,h2-1
http://mus.utu.fi/ZMUT.9777,h2-2
http://mus.utu.fi/ZMUT.9778,h2-3
http://mus.utu.fi/ZMUT.9779,h2-4
http://mus.utu.fi/ZMUT.9780,h2-5
http://mus.utu.fi/ZMUT.9781,h2-6
http://mus.utu.fi/ZMUT.9782,h2-7
http://mus.utu.fi/ZMUT.9783,h2-8
http://mus.utu.fi/ZMUT.9784,h2-9
http://mus.utu.fi/ZMUT.9785,h2-10
http://mus.utu.fi/ZMUT.9786,h2-11
http://mus.utu.fi/ZMUT.9787,h2-12
http://mus.utu.fi/ZMUT.9788,h2-13
http://mus.utu.fi/ZMUT.9789,h2-14
http://mus.utu.fi/ZMUT.9790,h2-15
http://mus.utu.fi/ZMUT.9791,h2-16
http://mus.utu.fi/ZMUT.9792,h2-17
http://mus.utu.fi/ZMUT.9793,h2-19
http://mus.utu.fi/ZMUT.9794,i1-1
http://mus.utu.fi/ZMUT.9795,i1-4
http://mus.utu.fi/ZMUT.9796,i1-6
http://mus.utu.fi/ZMUT.9797,i1-7
http://mus.utu.fi/ZMUT.9798,i1-8
http://mus.utu.fi/ZMUT.9799,i1-9
http://mus.utu.fi/ZMUT.9800,i1-10
http://mus.utu.fi/ZMUT.9801,i1-11
http://mus.utu.fi/ZMUT.9802,i1-12
http://mus.utu.fi/ZMUT.9803,i1-13
http://mus.utu.fi/ZMUT.9804,i1-14
http://mus.utu.fi/ZMUT.9805,i1-15
http://mus.utu.fi/ZMUT.9806,i1-16
http://mus.utu.fi/ZMUT.9807,i1-17
http://mus.utu.fi/ZMUT.9808,i1-18
http://mus.utu.fi/ZMUT.9809,i1-19
http://mus.utu.fi/ZMUT.9810,i2-1
http://mus.utu.fi/ZMUT.9811,i2-2
http://mus.utu.fi/ZMUT.9812,i2-3
http://mus.utu.fi/ZMUT.9813,i2-4
http://mus.utu.fi/ZMUT.9814,i2-5
http://mus.utu.fi/ZMUT.9815,i2-6
http://mus.utu.fi/ZMUT.9816,i2-7
http://mus.utu.fi/ZMUT.9817,i2-8
http://mus.utu.fi/ZMUT.9818,i2-9
http://mus.utu.fi/ZMUT.9819,i2-10
http://mus.utu.fi/ZMUT.9820,i2-11
http://mus.utu.fi/ZMUT.9821,i2-12
http://mus.utu.fi/ZMUT.9822,i2-13
http://mus.utu.fi/ZMUT.9823,i2-14
http://mus.utu.fi/ZMUT.9824,i2-15
http://mus.utu.fi/ZMUT.9825,i2-16
http://mus.utu.fi/ZMUT.9826,i2-17
http://mus.utu.fi/ZMUT.9827,i2-18
http://mus.utu.fi/ZMUT.9828,i2-19
http://mus.utu.fi/ZMUT.9829,i3-1
http://mus.utu.fi/ZMUT.9830,i3-2
http://mus.utu.fi/ZMUT.9831,i3-3
http://mus.utu.fi/ZMUT.9832,i3-5
http://mus.utu.fi/ZMUT.9833,i3-6
http://mus.utu.fi/ZMUT.9834,i3-7
http://mus.utu.fi/ZMUT.9835,j1-6
http://mus.utu.fi/ZMUT.9836,j1-7
http://mus.utu.fi/ZMUT.9837,j1-8
http://mus.utu.fi/ZMUT.9838,j1-9
http://mus.utu.fi/ZMUT.9839,j1-10
http://mus.utu.fi/ZMUT.9840,j1-11
http://mus.utu.fi/ZMUT.9841,j1-12
http://mus.utu.fi/ZMUT.9842,j1-13
http://mus.utu.fi/ZMUT.9843,j1-14
http://mus.utu.fi/ZMUT.9844,j1-15
http://mus.utu.fi/ZMUT.9845,j1-16
http://mus.utu.fi/ZMUT.9846,j1-17
http://mus.utu.fi/ZMUT.9847,j1-18
http://mus.utu.fi/ZMUT.9848,j1-19
http://mus.utu.fi/ZMUT.9849,j2-2
http://mus.utu.fi/ZMUT.9850,j2-3
http://mus.utu.fi/ZMUT.9851,j2-4
http://mus.utu.fi/ZMUT.9852,j2-5
http://mus.utu.fi/ZMUT.9853,j2-6
http://mus.utu.fi/ZMUT.9854,j2-8
http://mus.utu.fi/ZMUT.9855,j2-9
http://mus.utu.fi/ZMUT.9856,j2-10
http://mus.utu.fi/ZMUT.9857,j2-11
http://mus.utu.fi/ZMUT.9858,j2-12
http://mus.utu.fi/ZMUT.9859,j2-13
http://mus.utu.fi/ZMUT.9860,j2-14
http://mus.utu.fi/ZMUT.9861,j2-15
http://mus.utu.fi/ZMUT.9862,k1-10
http://mus.utu.fi/ZMUT.9863,k1-11
http://mus.utu.fi/ZMUT.9864,k1-12
http://mus.utu.fi/ZMUT.9865,k1-13
http://mus.utu.fi/ZMUT.9866,k1-14
http://mus.utu.fi/ZMUT.9867,k1-15
http://mus.utu.fi/ZMUT.9868,k1-16
http://mus.utu.fi/ZMUT.9869,k1-17
http://mus.utu.fi/ZMUT.9870,k1-18
http://mus.utu.fi/ZMUT.9871,k2-10
http://mus.utu.fi/ZMUT.9872,k2-11
http://mus.utu.fi/ZMUT.9873,k2-12
http://mus.utu.fi/ZMUT.9874,k2-13
http://mus.utu.fi/ZMUT.9875,k2-14
http://mus.utu.fi/ZMUT.9876,k2-15
http://mus.utu.fi/ZMUT.9877,k2-16
http://mus.utu.fi/ZMUT.9878,k2-17
http://mus.utu.fi/ZMUT.9879,la1-1
http://mus.utu.fi/ZMUT.9880,la1-2
http://mus.utu.fi/ZMUT.9881,la1-3
http://mus.utu.fi/ZMUT.9882,la1-4
http://mus.utu.fi/ZMUT.9883,la1-5
http://mus.utu.fi/ZMUT.9884,la1-6
http://mus.utu.fi/ZMUT.9885,la1-7
http://mus.utu.fi/ZMUT.9886,la1-8
http://mus.utu.fi/ZMUT.9887,la1-9
http://mus.utu.fi/ZMUT.9888,la1-10
http://mus.utu.fi/ZMUT.9889,la1-11
http://mus.utu.fi/ZMUT.9890,la1-12
http://mus.utu.fi/ZMUT.9891,la1-13
http://mus.utu.fi/ZMUT.9892,la2-1
http://mus.utu.fi/ZMUT.9893,la2-2
http://mus.utu.fi/ZMUT.9894,la2-3
http://mus.utu.fi/ZMUT.9895,la2-4
http://mus.utu.fi/ZMUT.9896,la2-5
http://mus.utu.fi/ZMUT.9897,la2-6
http://mus.utu.fi/ZMUT.9898,la2-7
http://mus.utu.fi/ZMUT.9899,la2-8
http://mus.utu.fi/ZMUT.9900,la2-9
http://mus.utu.fi/ZMUT.9901,la2-10
http://mus.utu.fi/ZMUT.9902,la2-11
http://mus.utu.fi/ZMUT.9903,la2-12
http://mus.utu.fi/ZMUT.9904,la2-13
http://mus.utu.fi/ZMUT.9905,la3-1
http://mus.utu.fi/ZMUT.9906,la3-2
http://mus.utu.fi/ZMUT.9907,la3-3
http://mus.utu.fi/ZMUT.9908,la3-4
http://mus.utu.fi/ZMUT.9909,la3-5
http://mus.utu.fi/ZMUT.9910,la3-6
http://mus.utu.fi/ZMUT.9911,la3-7
http://mus.utu.fi/ZMUT.9912,la3-8
http://mus.utu.fi/ZMUT.9913,la3-9
http://mus.utu.fi/ZMUT.9914,la3-10
http://mus.utu.fi/ZMUT.9915,la3-11
http://mus.utu.fi/ZMUT.9916,la3-12
http://mus.utu.fi/ZMUT.9917,la3-13
http://mus.utu.fi/ZMUT.9918,la4-1
http://mus.utu.fi/ZMUT.9919,la4-2
http://mus.utu.fi/ZMUT.9920,la4-3
http://mus.utu.fi/ZMUT.9921,la4-4
http://mus.utu.fi/ZMUT.9922,la4-5
http://mus.utu.fi/ZMUT.9923,la4-6
http://mus.utu.fi/ZMUT.9924,la4-7
http://mus.utu.fi/ZMUT.9925,la4-8
http://mus.utu.fi/ZMUT.9926,la4-9
http://mus.utu.fi/ZMUT.9927,la4-10
http://mus.utu.fi/ZMUT.9928,la4-11
http://mus.utu.fi/ZMUT.9929,la4-12
http://mus.utu.fi/ZMUT.9930,la4-13
http://mus.utu.fi/ZMUT.9931,la5-1
http://mus.utu.fi/ZMUT.9932,la5-2
http://mus.utu.fi/ZMUT.9933,la5-3
http://mus.utu.fi/ZMUT.9934,la5-4
http://mus.utu.fi/ZMUT.9935,la5-5
http://mus.utu.fi/ZMUT.9936,la5-6
http://mus.utu.fi/ZMUT.9937,la5-7
http://mus.utu.fi/ZMUT.9938,la5-8
http://mus.utu.fi/ZMUT.9939,la5-9
http://mus.utu.fi/ZMUT.9940,la5-10
http://mus.utu.fi/ZMUT.9941,la5-11
http://mus.utu.fi/ZMUT.9942,la5-12
http://mus.utu.fi/ZMUT.9943,la5-13
http://mus.utu.fi/ZMUT.9944,la6-1
http://mus.utu.fi/ZMUT.9945,la6-2
http://mus.utu.fi/ZMUT.9946,la6-3
http://mus.utu.fi/ZMUT.9947,la6-4
http://mus.utu.fi/ZMUT.9948,la6-5
http://mus.utu.fi/ZMUT.9949,la6-6
http://mus.utu.fi/ZMUT.9950,la6-7
http://mus.utu.fi/ZMUT.9951,la6-8
http://mus.utu.fi/ZMUT.9952,la6-9
http://mus.utu.fi/ZMUT.9953,la6-10
http://mus.utu.fi/ZMUT.9954,la6-11
http://mus.utu.fi/ZMUT.9955,la6-12
http://mus.utu.fi/ZMUT.9956,la6-13
http://mus.utu.fi/ZMUT.9957,la7-1
http://mus.utu.fi/ZMUT.9958,la7-2
http://mus.utu.fi/ZMUT.9959,la7-3
http://mus.utu.fi/ZMUT.9960,la7-4
http://mus.utu.fi/ZMUT.9961,la7-5
http://mus.utu.fi/ZMUT.9962,la7-6
http://mus.utu.fi/ZMUT.9963,la7-7
http://mus.utu.fi/ZMUT.9964,la7-8
http://mus.utu.fi/ZMUT.9965,la7-9
http://mus.utu.fi/ZMUT.9966,la7-10
http://mus.utu.fi/ZMUT.9967,la7-11
http://mus.utu.fi/ZMUT.9968,la7-12
http://mus.utu.fi/ZMUT.9969,la7-13
http://mus.utu.fi/ZMUT.9970,la8-1
http://mus.utu.fi/ZMUT.9971,la8-2
http://mus.utu.fi/ZMUT.9972,la8-3
http://mus.utu.fi/ZMUT.9973,la8-4
http://mus.utu.fi/ZMUT.9974,la8-5
http://mus.utu.fi/ZMUT.9975,la8-6
http://mus.utu.fi/ZMUT.9976,la8-7
http://mus.utu.fi/ZMUT.9977,la8-8
http://mus.utu.fi/ZMUT.9978,la8-9
http://mus.utu.fi/ZMUT.9979,la8-10
http://mus.utu.fi/ZMUT.9980,la8-11
http://mus.utu.fi/ZMUT.9981,la8-12
http://mus.utu.fi/ZMUT.9982,la8-13
http://mus.utu.fi/ZMUT.9983,la9-1
http://mus.utu.fi/ZMUT.9984,la9-2
http://mus.utu.fi/ZMUT.9985,la9-3
http://mus.utu.fi/ZMUT.9986,la9-4
http://mus.utu.fi/ZMUT.9987,la9-5
http://mus.utu.fi/ZMUT.9988,la9-6
http://mus.utu.fi/ZMUT.9989,la9-7
http://mus.utu.fi/ZMUT.9990,la9-8
http://mus.utu.fi/ZMUT.9991,la9-9
http://mus.utu.fi/ZMUT.9992,la9-10
http://mus.utu.fi/ZMUT.9993,la9-11
http://mus.utu.fi/ZMUT.9994,la9-12
http://mus.utu.fi/ZMUT.9995,la9-13
http://mus.utu.fi/ZMUT.9996,m1--6
http://mus.utu.fi/ZMUT.9997,m1--5
http://mus.utu.fi/ZMUT.9998,m1--4
http://mus.utu.fi/ZMUT.9999,m1--3
http://mus.utu.fi/ZMUT.10000,m1--2
http://mus.utu.fi/ZMUT.10001,m1--1
http://mus.utu.fi/ZMUT.10002,m1-1
http://mus.utu.fi/ZMUT.10003,m1-2
http://mus.utu.fi/ZMUT.10004,m1-3
http://mus.utu.fi/ZMUT.10005,m1-4
http://mus.utu.fi/ZMUT.10006,m1-5
http://mus.utu.fi/ZMUT.10007,m1-6
http://mus.utu.fi/ZMUT.10008,m1-7
http://mus.utu.fi/ZMUT.10009,m1-8
http://mus.utu.fi/ZMUT.10010,m1-9
http://mus.utu.fi/ZMUT.10011,m1-10
http://mus.utu.fi/ZMUT.10012,m1-11
http://mus.utu.fi/ZMUT.10013,m1-12
http://mus.utu.fi/ZMUT.10014,m1-13
http://mus.utu.fi/ZMUT.10015,m1-14
http://mus.utu.fi/ZMUT.10016,m1-15
http://mus.utu.fi/ZMUT.10017,m1-16
http://mus.utu.fi/ZMUT.10018,m1-17
http://mus.utu.fi/ZMUT.10019,m1-18
http://mus.utu.fi/ZMUT.10020,m1-19
http://mus.utu.fi/ZMUT.10021,m1-20
http://mus.utu.fi/ZMUT.10022,m1-21
http://mus.utu.fi/ZMUT.10023,m1-22
http://mus.utu.fi/ZMUT.10024,m1-23
http://mus.utu.fi/ZMUT.10025,m1-24
http://mus.utu.fi/ZMUT.10026,m1-25
http://mus.utu.fi/ZMUT.10027,m1-26
http://mus.utu.fi/ZMUT.10028,m1-27
http://mus.utu.fi/ZMUT.10029,m1-28
http://mus.utu.fi/ZMUT.10030,m1-29
http://mus.utu.fi/ZMUT.10031,m2--5
http://mus.utu.fi/ZMUT.10032,m2--4
http://mus.utu.fi/ZMUT.10033,m2--3
http://mus.utu.fi/ZMUT.10034,m2--2
http://mus.utu.fi/ZMUT.10035,m2--1
http://mus.utu.fi/ZMUT.10036,m2-1
http://mus.utu.fi/ZMUT.10037,m2-2
http://mus.utu.fi/ZMUT.10038,m2-3
http://mus.utu.fi/ZMUT.10039,m2-4
http://mus.utu.fi/ZMUT.10040,m2-5
http://mus.utu.fi/ZMUT.10041,m2-6
http://mus.utu.fi/ZMUT.10042,m2-7
http://mus.utu.fi/ZMUT.10043,m2-8
http://mus.utu.fi/ZMUT.10044,m2-9
http://mus.utu.fi/ZMUT.10045,m2-10
http://mus.utu.fi/ZMUT.10046,m2-11
http://mus.utu.fi/ZMUT.10047,m2-12
http://mus.utu.fi/ZMUT.10048,m2-13
http://mus.utu.fi/ZMUT.10049,m2-14
http://mus.utu.fi/ZMUT.10050,m2-15
http://mus.utu.fi/ZMUT.10051,m2-16
http://mus.utu.fi/ZMUT.10052,m2-17
http://mus.utu.fi/ZMUT.10053,m2-18
http://mus.utu.fi/ZMUT.10054,m2-19
http://mus.utu.fi/ZMUT.10055,m2-20
http://mus.utu.fi/ZMUT.10056,m2-21
http://mus.utu.fi/ZMUT.10057,m2-22
http://mus.utu.fi/ZMUT.10058,m2-23
http://mus.utu.fi/ZMUT.10059,m2-24
http://mus.utu.fi/ZMUT.10060,m2-25
http://mus.utu.fi/ZMUT.10061,m2-26
http://mus.utu.fi/ZMUT.10062,m2-27
http://mus.utu.fi/ZMUT.10063,m2-28
http://mus.utu.fi/ZMUT.10064,m2-29
http://mus.utu.fi/ZMUT.10065,m3--5
http://mus.utu.fi/ZMUT.10066,m3--4
http://mus.utu.fi/ZMUT.10067,m3--3
http://mus.utu.fi/ZMUT.10068,m3--2
http://mus.utu.fi/ZMUT.10069,m3--1
http://mus.utu.fi/ZMUT.10070,m3-1
http://mus.utu.fi/ZMUT.10071,m3-2
http://mus.utu.fi/ZMUT.10072,m3-3
http://mus.utu.fi/ZMUT.10073,m3-4
http://mus.utu.fi/ZMUT.10074,m3-5
http://mus.utu.fi/ZMUT.10075,m3-6
http://mus.utu.fi/ZMUT.10076,m3-7
http://mus.utu.fi/ZMUT.10077,m3-8
http://mus.utu.fi/ZMUT.10078,m3-9
http://mus.utu.fi/ZMUT.10079,m3-10
http://mus.utu.fi/ZMUT.10080,m3-11
http://mus.utu.fi/ZMUT.10081,m3-12
http://mus.utu.fi/ZMUT.10082,m3-13
http://mus.utu.fi/ZMUT.10083,m3-14
http://mus.utu.fi/ZMUT.10084,m3-15
http://mus.utu.fi/ZMUT.10085,m3-16
http://mus.utu.fi/ZMUT.10086,m3-17
http://mus.utu.fi/ZMUT.10087,m3-18
http://mus.utu.fi/ZMUT.10088,m3-19
http://mus.utu.fi/ZMUT.10089,m3-20
http://mus.utu.fi/ZMUT.10090,m3-21
http://mus.utu.fi/ZMUT.10091,m3-22
http://mus.utu.fi/ZMUT.10092,m3-23
http://mus.utu.fi/ZMUT.10093,m3-24
http://mus.utu.fi/ZMUT.10094,m3-25
http://mus.utu.fi/ZMUT.10095,m3-26
http://mus.utu.fi/ZMUT.10096,m3-27
http://mus.utu.fi/ZMUT.10097,m3-28
http://mus.utu.fi/ZMUT.10098,m3-29
http://mus.utu.fi/ZMUT.10099,m4--2
http://mus.utu.fi/ZMUT.10100,m4--1
http://mus.utu.fi/ZMUT.10101,m4-1
http://mus.utu.fi/ZMUT.10102,m4-4
http://mus.utu.fi/ZMUT.10103,m4-5
http://mus.utu.fi/ZMUT.10104,m4-6
http://mus.utu.fi/ZMUT.10105,m4-7
http://mus.utu.fi/ZMUT.10106,m4-8
http://mus.utu.fi/ZMUT.10107,m4-9
http://mus.utu.fi/ZMUT.10108,m4-10
http://mus.utu.fi/ZMUT.10109,m4-11
http://mus.utu.fi/ZMUT.10110,m4-12
http://mus.utu.fi/ZMUT.10111,m4-13
http://mus.utu.fi/ZMUT.10112,m4-14
http://mus.utu.fi/ZMUT.10113,m4-15
http://mus.utu.fi/ZMUT.10114,m4-16
http://mus.utu.fi/ZMUT.10115,m4-17
http://mus.utu.fi/ZMUT.10116,m4-18
http://mus.utu.fi/ZMUT.10117,m4-19
http://mus.utu.fi/ZMUT.10118,m4-20
http://mus.utu.fi/ZMUT.10119,m4-21
http://mus.utu.fi/ZMUT.10120,m4-22
http://mus.utu.fi/ZMUT.10121,m4-23
http://mus.utu.fi/ZMUT.10122,m4-24
http://mus.utu.fi/ZMUT.10123,m4-25
http://mus.utu.fi/ZMUT.10124,m4-26
http://mus.utu.fi/ZMUT.10125,m4-27
http://mus.utu.fi/ZMUT.10126,m4-28
http://mus.utu.fi/ZMUT.10127,m4-29
http://mus.utu.fi/ZMUT.10128,m5--1
http://mus.utu.fi/ZMUT.10129,m5-1
http://mus.utu.fi/ZMUT.10130,m5-2
http://mus.utu.fi/ZMUT.10131,m5-3
http://mus.utu.fi/ZMUT.10132,m5-4
http://mus.utu.fi/ZMUT.10133,m5-6
http://mus.utu.fi/ZMUT.10134,m5-7
http://mus.utu.fi/ZMUT.10135,m5-8
http://mus.utu.fi/ZMUT.10136,m5-9
http://mus.utu.fi/ZMUT.10137,m5-10
http://mus.utu.fi/ZMUT.10138,m5-11
http://mus.utu.fi/ZMUT.10139,m5-12
http://mus.utu.fi/ZMUT.10140,m6-23
http://mus.utu.fi/ZMUT.10141,m6-24
http://mus.utu.fi/ZMUT.10142,m6-25
http://mus.utu.fi/ZMUT.10143,m6-26
http://mus.utu.fi/ZMUT.10144,m6-27
http://mus.utu.fi/ZMUT.10145,m6-28
http://mus.utu.fi/ZMUT.10146,m6-29
http://mus.utu.fi/ZMUT.10147,m7-23
http://mus.utu.fi/ZMUT.10148,m7-24
http://mus.utu.fi/ZMUT.10149,m7-25
http://mus.utu.fi/ZMUT.10150,m7-26
http://mus.utu.fi/ZMUT.10151,m7-27
http://mus.utu.fi/ZMUT.10152,m7-28
http://mus.utu.fi/ZMUT.10153,m7-29
http://mus.utu.fi/ZMUT.10154,m8-23
http://mus.utu.fi/ZMUT.10155,m8-24
http://mus.utu.fi/ZMUT.10156,m8-25
http://mus.utu.fi/ZMUT.10157,m8-26
http://mus.utu.fi/ZMUT.10158,m8-28
http://mus.utu.fi/ZMUT.10159,m8-29
http://mus.utu.fi/ZMUT.10160,m10-23
http://mus.utu.fi/ZMUT.10161,m10-24
http://mus.utu.fi/ZMUT.10162,m10-25
http://mus.utu.fi/ZMUT.10163,m10-26
http://mus.utu.fi/ZMUT.10164,m10-27
http://mus.utu.fi/ZMUT.10165,m10-28
http://mus.utu.fi/ZMUT.10166,m10-29
http://mus.utu.fi/ZMUT.10167,m11-23
http://mus.utu.fi/ZMUT.10168,m11-24
http://mus.utu.fi/ZMUT.10169,m11-25
http://mus.utu.fi/ZMUT.10170,m11-26
http://mus.utu.fi/ZMUT.10171,m11-27
http://mus.utu.fi/ZMUT.10172,m11-28
http://mus.utu.fi/ZMUT.10173,m11-29
http://mus.utu.fi/ZMUT.10174,m12-23
http://mus.utu.fi/ZMUT.10175,m12-24
http://mus.utu.fi/ZMUT.10176,m12-25
http://mus.utu.fi/ZMUT.10177,m12-26
http://mus.utu.fi/ZMUT.10178,m12-27
http://mus.utu.fi/ZMUT.10179,m12-28
http://mus.utu.fi/ZMUT.10180,m12-29
http://mus.utu.fi/ZMUT.10181,m13-23
http://mus.utu.fi/ZMUT.10182,m13-24
http://mus.utu.fi/ZMUT.10183,m13-25
http://mus.utu.fi/ZMUT.10184,m13-26
http://mus.utu.fi/ZMUT.10185,m13-27
http://mus.utu.fi/ZMUT.10186,m13-28
http://mus.utu.fi/ZMUT.10187,m13-29
http://mus.utu.fi/ZMUT.10188,m14-23
http://mus.utu.fi/ZMUT.10189,m14-24
http://mus.utu.fi/ZMUT.10190,m14-25
http://mus.utu.fi/ZMUT.10191,m14-26
http://mus.utu.fi/ZMUT.10192,m14-27
http://mus.utu.fi/ZMUT.10193,m14-28
http://mus.utu.fi/ZMUT.10194,m14-29
http://mus.utu.fi/ZMUT.K30T2-140910,K30T2-140910
http://mus.utu.fi/ZMUT.K13T3-150713,K13T3-150713
http://mus.utu.fi/ZMUT.K13T3-150727,K13T3-150727
http://mus.utu.fi/ZMUT.K13T3-150810,K13T3-150810
http://mus.utu.fi/ZMUT.K13T3-150827,K13T3-150827
http://mus.utu.fi/ZMUT.K13T3-150907,K13T3-150907
http://mus.utu.fi/ZMUT.K15T1-140909,K15T1-140909
http://mus.utu.fi/ZMUT.K15T1-140923,K15T1-140923
http://mus.utu.fi/ZMUT.K15T1-141007,K15T1-141007
http://mus.utu.fi/ZMUT.K15T1-141020,K15T1-141020
http://mus.utu.fi/ZMUT.K15T1-141103,K15T1-141103
http://mus.utu.fi/ZMUT.K15T1-141117,K15T1-141117
http://mus.utu.fi/ZMUT.K15T1-141201,K15T1-141201
http://mus.utu.fi/ZMUT.K15T1-141215,K15T1-141215
http://mus.utu.fi/ZMUT.K15T1-141228,K15T1-141228
http://mus.utu.fi/ZMUT.K15T1-150112,K15T1-150112
http://mus.utu.fi/ZMUT.K15T1-150126,K15T1-150126
http://mus.utu.fi/ZMUT.K15T1-150209,K15T1-150209
http://mus.utu.fi/ZMUT.K15T1-150223,K15T1-150223
http://mus.utu.fi/ZMUT.K15T1-150309,K15T1-150309
http://mus.utu.fi/ZMUT.K15T1-150323,K15T1-150323
http://mus.utu.fi/ZMUT.K15T1-150406,K15T1-150406
http://mus.utu.fi/ZMUT.K15T1-150420,K15T1-150420
http://mus.utu.fi/ZMUT.K15T1-150504,K15T1-150504
http://mus.utu.fi/ZMUT.K15T1-150518,K15T1-150518
http://mus.utu.fi/ZMUT.K15T1-150601,K15T1-150601
http://mus.utu.fi/ZMUT.K15T1-150615,K15T1-150615
http://mus.utu.fi/ZMUT.K15T1-150629,K15T1-150629
http://mus.utu.fi/ZMUT.K15T1-150713,K15T1-150713
http://mus.utu.fi/ZMUT.K15T1-150727,K15T1-150727
http://mus.utu.fi/ZMUT.K15T1-150810,K15T1-150810
http://mus.utu.fi/ZMUT.K15T1-150827,K15T1-150827
http://mus.utu.fi/ZMUT.K15T1-150907,K15T1-150907
http://mus.utu.fi/ZMUT.K15T1-150914,K15T1-150914
http://mus.utu.fi/ZMUT.K15T2-140909,K15T2-140909
http://mus.utu.fi/ZMUT.K15T2-140923,K15T2-140923
http://mus.utu.fi/ZMUT.K15T2-141007,K15T2-141007
http://mus.utu.fi/ZMUT.K15T2-141020,K15T2-141020
http://mus.utu.fi/ZMUT.K15T2-141103,K15T2-141103
http://mus.utu.fi/ZMUT.K15T2-141117,K15T2-141117
http://mus.utu.fi/ZMUT.K15T2-141201,K15T2-141201
http://mus.utu.fi/ZMUT.K15T2-141215,K15T2-141215
http://mus.utu.fi/ZMUT.K15T2-141228,K15T2-141228
http://mus.utu.fi/ZMUT.K15T2-150112,K15T2-150112
http://mus.utu.fi/ZMUT.K15T2-150126,K15T2-150126
http://mus.utu.fi/ZMUT.K15T2-150209,K15T2-150209
http://mus.utu.fi/ZMUT.K15T2-150223,K15T2-150223
http://mus.utu.fi/ZMUT.K15T2-150309,K15T2-150309
http://mus.utu.fi/ZMUT.K15T2-150323,K15T2-150323
http://mus.utu.fi/ZMUT.K15T2-150406,K15T2-150406
http://mus.utu.fi/ZMUT.K15T2-150420,K15T2-150420
http://mus.utu.fi/ZMUT.K15T2-150504,K15T2-150504
http://mus.utu.fi/ZMUT.K15T2-150518,K15T2-150518
http://mus.utu.fi/ZMUT.K15T2-150601,K15T2-150601
http://mus.utu.fi/ZMUT.K15T2-150615,K15T2-150615
http://mus.utu.fi/ZMUT.K15T2-150629,K15T2-150629
http://mus.utu.fi/ZMUT.K15T2-150713,K15T2-150713
http://mus.utu.fi/ZMUT.K15T2-150727,K15T2-150727
http://mus.utu.fi/ZMUT.K15T2-150810,K15T2-150810
http://mus.utu.fi/ZMUT.K15T2-150827,K15T2-150827
http://mus.utu.fi/ZMUT.K15T2-150907,K15T2-150907
http://mus.utu.fi/ZMUT.K15T2-150914,K15T2-150914
http://mus.utu.fi/ZMUT.K15T3-140909,K15T3-140909
http://mus.utu.fi/ZMUT.K15T3-140923,K15T3-140923
http://mus.utu.fi/ZMUT.K15T3-140930,K15T3-140930
http://mus.utu.fi/ZMUT.K15T3-141007,K15T3-141007
http://mus.utu.fi/ZMUT.K15T3-141015,K15T3-141015
http://mus.utu.fi/ZMUT.K15T3-141020,K15T3-141020
http://mus.utu.fi/ZMUT.K15T3-141027,K15T3-141027
http://mus.utu.fi/ZMUT.K15T3-141103,K15T3-141103
http://mus.utu.fi/ZMUT.K15T3-141117,K15T3-141117
http://mus.utu.fi/ZMUT.K15T3-141201,K15T3-141201
http://mus.utu.fi/ZMUT.K15T3-141215,K15T3-141215
http://mus.utu.fi/ZMUT.K15T3-141228,K15T3-141228
http://mus.utu.fi/ZMUT.K15T3-150112,K15T3-150112
http://mus.utu.fi/ZMUT.K15T3-150126,K15T3-150126
http://mus.utu.fi/ZMUT.K15T3-150209,K15T3-150209
http://mus.utu.fi/ZMUT.K15T3-150223,K15T3-150223
http://mus.utu.fi/ZMUT.K15T3-150309,K15T3-150309
http://mus.utu.fi/ZMUT.K15T3-150323,K15T3-150323
http://mus.utu.fi/ZMUT.K15T3-150406,K15T3-150406
http://mus.utu.fi/ZMUT.K15T3-150420,K15T3-150420
http://mus.utu.fi/ZMUT.K15T3-150504,K15T3-150504
http://mus.utu.fi/ZMUT.K15T3-150518,K15T3-150518
http://mus.utu.fi/ZMUT.K15T3-150601,K15T3-150601
http://mus.utu.fi/ZMUT.K15T3-150615,K15T3-150615
http://mus.utu.fi/ZMUT.K15T3-150629,K15T3-150629
http://mus.utu.fi/ZMUT.K15T3-150713,K15T3-150713
http://mus.utu.fi/ZMUT.K15T3-150727,K15T3-150727
http://mus.utu.fi/ZMUT.K15T3-150810,K15T3-150810
http://mus.utu.fi/ZMUT.K15T3-150827,K15T3-150827
http://mus.utu.fi/ZMUT.K15T3-150907,K15T3-150907
http://mus.utu.fi/ZMUT.K15T3-150914,K15T3-150914
http://mus.utu.fi/ZMUT.K15T4-140909,K15T4-140909
http://mus.utu.fi/ZMUT.K15T4-140923,K15T4-140923
http://mus.utu.fi/ZMUT.K15T4-141007,K15T4-141007
http://mus.utu.fi/ZMUT.K15T4-141020,K15T4-141020
http://mus.utu.fi/ZMUT.K15T4-141103,K15T4-141103
http://mus.utu.fi/ZMUT.K15T4-141117,K15T4-141117
http://mus.utu.fi/ZMUT.K15T4-141201,K15T4-141201
http://mus.utu.fi/ZMUT.K15T4-141215,K15T4-141215
http://mus.utu.fi/ZMUT.K15T4-141228,K15T4-141228
http://mus.utu.fi/ZMUT.K15T4-150112,K15T4-150112
http://mus.utu.fi/ZMUT.K15T4-150126,K15T4-150126
http://mus.utu.fi/ZMUT.K15T4-150209,K15T4-150209
http://mus.utu.fi/ZMUT.K15T4-150223,K15T4-150223
http://mus.utu.fi/ZMUT.K15T4-150310,K15T4-150310
http://mus.utu.fi/ZMUT.K15T4-150323,K15T4-150323
http://mus.utu.fi/ZMUT.K15T4-150406,K15T4-150406
http://mus.utu.fi/ZMUT.K15T4-150420,K15T4-150420
http://mus.utu.fi/ZMUT.K15T4-150504,K15T4-150504
http://mus.utu.fi/ZMUT.K15T4-150518,K15T4-150518
http://mus.utu.fi/ZMUT.K15T4-150601,K15T4-150601
http://mus.utu.fi/ZMUT.K15T4-150615,K15T4-150615
http://mus.utu.fi/ZMUT.K15T4-150629,K15T4-150629
http://mus.utu.fi/ZMUT.K15T4-150713,K15T4-150713
http://mus.utu.fi/ZMUT.K15T4-150727,K15T4-150727
http://mus.utu.fi/ZMUT.K15T4-150810,K15T4-150810
http://mus.utu.fi/ZMUT.K15T4-150827,K15T4-150827
http://mus.utu.fi/ZMUT.K15T4-150907,K15T4-150907
http://mus.utu.fi/ZMUT.K15T4-150914,K15T4-150914
http://mus.utu.fi/ZMUT.K30ST1-141022,K30ST1-141022
http://mus.utu.fi/ZMUT.K30ST1-141104,K30ST1-141104
http://mus.utu.fi/ZMUT.K30ST2-141022,K30ST2-141022
http://mus.utu.fi/ZMUT.K30ST2-141104,K30ST2-141104
http://mus.utu.fi/ZMUT.K30ST2-141118,K30ST2-141118
http://mus.utu.fi/ZMUT.K30ST2-141202,K30ST2-141202
http://mus.utu.fi/ZMUT.K30ST2-141215,K30ST2-141215
http://mus.utu.fi/ZMUT.K30ST2-141226,K30ST2-141226
http://mus.utu.fi/ZMUT.K30ST2-141229,K30ST2-141229
http://mus.utu.fi/ZMUT.K30ST2-150113,K30ST2-150113
http://mus.utu.fi/ZMUT.K30ST2-150127,K30ST2-150127
http://mus.utu.fi/ZMUT.K30ST2-150210,K30ST2-150210
http://mus.utu.fi/ZMUT.K30ST2-150224,K30ST2-150224
http://mus.utu.fi/ZMUT.K30ST2-150310,K30ST2-150310
http://mus.utu.fi/ZMUT.K30ST2-150324,K30ST2-150324
http://mus.utu.fi/ZMUT.K30ST2-150407,K30ST2-150407
http://mus.utu.fi/ZMUT.K30ST2-150422,K30ST2-150422
http://mus.utu.fi/ZMUT.K30ST2-150505,K30ST2-150505
http://mus.utu.fi/ZMUT.K30ST2-150519,K30ST2-150519
http://mus.utu.fi/ZMUT.K30ST2-150602,K30ST2-150602
http://mus.utu.fi/ZMUT.K30ST2-150617,K30ST2-150617
http://mus.utu.fi/ZMUT.K30ST2-150630,K30ST2-150630
http://mus.utu.fi/ZMUT.K30ST2-150714,K30ST2-150714
http://mus.utu.fi/ZMUT.K30ST2-150728,K30ST2-150728
http://mus.utu.fi/ZMUT.K30ST2-150811,K30ST2-150811
http://mus.utu.fi/ZMUT.K30ST2-150825,K30ST2-150825
http://mus.utu.fi/ZMUT.K30ST2-150911,K30ST2-150911
http://mus.utu.fi/ZMUT.K30ST3-141022,K30ST3-141022
http://mus.utu.fi/ZMUT.K30ST3-141104,K30ST3-141104
http://mus.utu.fi/ZMUT.K30ST3-141118,K30ST3-141118
http://mus.utu.fi/ZMUT.K30ST3-141202,K30ST3-141202
http://mus.utu.fi/ZMUT.K30ST3-141215,K30ST3-141215
http://mus.utu.fi/ZMUT.K30ST3-141226,K30ST3-141226
http://mus.utu.fi/ZMUT.K30ST3-141229,K30ST3-141229
http://mus.utu.fi/ZMUT.K30ST3-150113,K30ST3-150113
http://mus.utu.fi/ZMUT.K30ST3-150127,K30ST3-150127
http://mus.utu.fi/ZMUT.K30ST3-150210,K30ST3-150210
http://mus.utu.fi/ZMUT.K30ST3-150224,K30ST3-150224
http://mus.utu.fi/ZMUT.K30ST3-150310,K30ST3-150310
http://mus.utu.fi/ZMUT.K30ST3-150324,K30ST3-150324
http://mus.utu.fi/ZMUT.K30ST3-150407,K30ST3-150407
http://mus.utu.fi/ZMUT.K30ST3-150422,K30ST3-150422
http://mus.utu.fi/ZMUT.K30ST3-150505,K30ST3-150505
http://mus.utu.fi/ZMUT.K30ST3-150519,K30ST3-150519
http://mus.utu.fi/ZMUT.K30ST3-150602,K30ST3-150602
http://mus.utu.fi/ZMUT.K30ST3-150617,K30ST3-150617
http://mus.utu.fi/ZMUT.K30ST3-150630,K30ST3-150630
http://mus.utu.fi/ZMUT.K30ST3-150714,K30ST3-150714
http://mus.utu.fi/ZMUT.K30ST3-150728,K30ST3-150728
http://mus.utu.fi/ZMUT.K30ST3-150811,K30ST3-150811
http://mus.utu.fi/ZMUT.K30ST3-150825,K30ST3-150825
http://mus.utu.fi/ZMUT.K30ST3-150911,K30ST3-150911
http://mus.utu.fi/ZMUT.K30ST4-141202,K30ST4-141202
http://mus.utu.fi/ZMUT.K30ST4-141215,K30ST4-141215
http://mus.utu.fi/ZMUT.K30ST4-141226,K30ST4-141226
http://mus.utu.fi/ZMUT.K30ST4-141229,K30ST4-141229
http://mus.utu.fi/ZMUT.K30ST4-150113,K30ST4-150113
http://mus.utu.fi/ZMUT.K30ST4-150127,K30ST4-150127
http://mus.utu.fi/ZMUT.K30ST4-150210,K30ST4-150210
http://mus.utu.fi/ZMUT.K30ST4-150224,K30ST4-150224
http://mus.utu.fi/ZMUT.K30ST4-150310,K30ST4-150310
http://mus.utu.fi/ZMUT.K30ST4-150324,K30ST4-150324
http://mus.utu.fi/ZMUT.K30ST4-150407,K30ST4-150407
http://mus.utu.fi/ZMUT.K30ST4-150422,K30ST4-150422
http://mus.utu.fi/ZMUT.K30ST4-150505,K30ST4-150505
http://mus.utu.fi/ZMUT.K30ST4-150519,K30ST4-150519
http://mus.utu.fi/ZMUT.K30ST4-150602,K30ST4-150602
http://mus.utu.fi/ZMUT.K30ST4-150617,K30ST4-150617
http://mus.utu.fi/ZMUT.K30ST4-150630,K30ST4-150630
http://mus.utu.fi/ZMUT.K30ST4-150714,K30ST4-150714
http://mus.utu.fi/ZMUT.K30ST4-150728,K30ST4-150728
http://mus.utu.fi/ZMUT.K30ST4-150811,K30ST4-150811
http://mus.utu.fi/ZMUT.K30ST4-150825,K30ST4-150825
http://mus.utu.fi/ZMUT.K30ST4-150911,K30ST4-150911
http://mus.utu.fi/ZMUT.K30T1-140910,K30T1-140910
http://mus.utu.fi/ZMUT.K30T1-140924,K30T1-140924
http://mus.utu.fi/ZMUT.K30T1-141008,K30T1-141008
http://mus.utu.fi/ZMUT.K30T1-141022,K30T1-141022
http://mus.utu.fi/ZMUT.K30T1-141104,K30T1-141104
http://mus.utu.fi/ZMUT.K30T1-141118,K30T1-141118
http://mus.utu.fi/ZMUT.K30T1-141202,K30T1-141202
http://mus.utu.fi/ZMUT.K30T1-141215,K30T1-141215
http://mus.utu.fi/ZMUT.K30T1-141229,K30T1-141229
http://mus.utu.fi/ZMUT.K30T1-150113,K30T1-150113
http://mus.utu.fi/ZMUT.K30T1-150127,K30T1-150127
http://mus.utu.fi/ZMUT.K30T1-150210,K30T1-150210
http://mus.utu.fi/ZMUT.K30T1-150224,K30T1-150224
http://mus.utu.fi/ZMUT.K30T1-150310,K30T1-150310
http://mus.utu.fi/ZMUT.K30T1-150324,K30T1-150324
http://mus.utu.fi/ZMUT.K30T1-150407,K30T1-150407
http://mus.utu.fi/ZMUT.K30T1-150421,K30T1-150421
http://mus.utu.fi/ZMUT.K30T1-150505,K30T1-150505
http://mus.utu.fi/ZMUT.K30T1-150519,K30T1-150519
http://mus.utu.fi/ZMUT.K30T1-150602,K30T1-150602
http://mus.utu.fi/ZMUT.K30T1-150617,K30T1-150617
http://mus.utu.fi/ZMUT.K30T1-150630,K30T1-150630
http://mus.utu.fi/ZMUT.K30T1-150714,K30T1-150714
http://mus.utu.fi/ZMUT.K30T1-150728,K30T1-150728
http://mus.utu.fi/ZMUT.K30T1-150811,K30T1-150811
http://mus.utu.fi/ZMUT.K30T1-150825,K30T1-150825
http://mus.utu.fi/ZMUT.K30T1-150909,K30T1-150909
http://mus.utu.fi/ZMUT.K30T1-150914,K30T1-150914
http://mus.utu.fi/ZMUT.K30T2-140924,K30T2-140924
http://mus.utu.fi/ZMUT.K30T2-141008,K30T2-141008
http://mus.utu.fi/ZMUT.K30T2-141022,K30T2-141022
http://mus.utu.fi/ZMUT.K30T2-141104,K30T2-141104
http://mus.utu.fi/ZMUT.K30T2-141118,K30T2-141118
http://mus.utu.fi/ZMUT.K30T2-141202,K30T2-141202
http://mus.utu.fi/ZMUT.K30T2-141215,K30T2-141215
http://mus.utu.fi/ZMUT.K30T2-141229,K30T2-141229
http://mus.utu.fi/ZMUT.K30T2-150113,K30T2-150113
http://mus.utu.fi/ZMUT.K30T2-150127,K30T2-150127
http://mus.utu.fi/ZMUT.K30T2-150210,K30T2-150210
http://mus.utu.fi/ZMUT.K30T2-150224,K30T2-150224
http://mus.utu.fi/ZMUT.K30T2-150310,K30T2-150310
http://mus.utu.fi/ZMUT.K30T2-150324,K30T2-150324
http://mus.utu.fi/ZMUT.K30T2-150407,K30T2-150407
http://mus.utu.fi/ZMUT.K30T2-150421,K30T2-150421
http://mus.utu.fi/ZMUT.K30T2-150505,K30T2-150505
http://mus.utu.fi/ZMUT.K30T2-150519,K30T2-150519
http://mus.utu.fi/ZMUT.K30T2-150602,K30T2-150602
http://mus.utu.fi/ZMUT.K30T2-150617,K30T2-150617
http://mus.utu.fi/ZMUT.K30T2-150630,K30T2-150630
http://mus.utu.fi/ZMUT.K30T2-150714,K30T2-150714
http://mus.utu.fi/ZMUT.K30T2-150728,K30T2-150728
http://mus.utu.fi/ZMUT.K30T2-150811,K30T2-150811
http://mus.utu.fi/ZMUT.K30T2-150826,K30T2-150826
http://mus.utu.fi/ZMUT.K30T2-150909,K30T2-150909
http://mus.utu.fi/ZMUT.K30T2-150914,K30T2-150914
http://mus.utu.fi/ZMUT.K30T3-140910,K30T3-140910
http://mus.utu.fi/ZMUT.K30T3-140924,K30T3-140924
http://mus.utu.fi/ZMUT.K30T3-141008,K30T3-141008
http://mus.utu.fi/ZMUT.K30T3-141022,K30T3-141022
http://mus.utu.fi/ZMUT.K30T3-141104,K30T3-141104
http://mus.utu.fi/ZMUT.K30T3-141118,K30T3-141118
http://mus.utu.fi/ZMUT.K30T3-141202,K30T3-141202
http://mus.utu.fi/ZMUT.K30T3-141214,K30T3-141214
http://mus.utu.fi/ZMUT.K30T3-141226,K30T3-141226
http://mus.utu.fi/ZMUT.K30T3-150113,K30T3-150113
http://mus.utu.fi/ZMUT.K30T3-150127,K30T3-150127
http://mus.utu.fi/ZMUT.K30T3-150210,K30T3-150210
http://mus.utu.fi/ZMUT.K30T3-150224,K30T3-150224
http://mus.utu.fi/ZMUT.K30T3-150310,K30T3-150310
http://mus.utu.fi/ZMUT.K30T3-150324,K30T3-150324
http://mus.utu.fi/ZMUT.K30T3-150407,K30T3-150407
http://mus.utu.fi/ZMUT.K30T3-150421,K30T3-150421
http://mus.utu.fi/ZMUT.K30T3-150505,K30T3-150505
http://mus.utu.fi/ZMUT.K30T3-150519,K30T3-150519
http://mus.utu.fi/ZMUT.K30T3-150602,K30T3-150602
http://mus.utu.fi/ZMUT.K30T3-150617,K30T3-150617
http://mus.utu.fi/ZMUT.K30T3-150630,K30T3-150630
http://mus.utu.fi/ZMUT.K30T3-150714,K30T3-150714
http://mus.utu.fi/ZMUT.K30T3-150728,K30T3-150728
http://mus.utu.fi/ZMUT.K30T3-150811,K30T3-150811
http://mus.utu.fi/ZMUT.K30T3-150826,K30T3-150826
http://mus.utu.fi/ZMUT.K30T3-150908,K30T3-150908
http://mus.utu.fi/ZMUT.K30T3-150914,K30T3-150914
http://mus.utu.fi/ZMUT.K30T4-140910,K30T4-140910
http://mus.utu.fi/ZMUT.K30T4-140924,K30T4-140924
http://mus.utu.fi/ZMUT.K30T5-141008,K30T5-141008
http://mus.utu.fi/ZMUT.K30T5-141022,K30T5-141022
http://mus.utu.fi/ZMUT.K30T5-141104,K30T5-141104
http://mus.utu.fi/ZMUT.K30T5-141118,K30T5-141118
http://mus.utu.fi/ZMUT.K30T5-141202,K30T5-141202
http://mus.utu.fi/ZMUT.K30T5-141214,K30T5-141214
http://mus.utu.fi/ZMUT.K30T5-141229,K30T5-141229
http://mus.utu.fi/ZMUT.K30T5-150113,K30T5-150113
http://mus.utu.fi/ZMUT.K30T5-150127,K30T5-150127
http://mus.utu.fi/ZMUT.K30T5-150210,K30T5-150210
http://mus.utu.fi/ZMUT.K30T5-150224,K30T5-150224
http://mus.utu.fi/ZMUT.K30T5-150310,K30T5-150310
http://mus.utu.fi/ZMUT.K30T5-150324,K30T5-150324
http://mus.utu.fi/ZMUT.K30T5-150407,K30T5-150407
http://mus.utu.fi/ZMUT.K30T5-150421,K30T5-150421
http://mus.utu.fi/ZMUT.K30T5-150505,K30T5-150505
http://mus.utu.fi/ZMUT.K30T5-150519,K30T5-150519
http://mus.utu.fi/ZMUT.K30T5-150602,K30T5-150602
http://mus.utu.fi/ZMUT.K30T5-150617,K30T5-150617
http://mus.utu.fi/ZMUT.K30T5-150630,K30T5-150630
http://mus.utu.fi/ZMUT.K30T5-150714,K30T5-150714
http://mus.utu.fi/ZMUT.K30T5-150728,K30T5-150728
http://mus.utu.fi/ZMUT.K30T5-150811,K30T5-150811
http://mus.utu.fi/ZMUT.K30T5-150826,K30T5-150826
http://mus.utu.fi/ZMUT.K30T5-150908,K30T5-150908
http://mus.utu.fi/ZMUT.K30T5-150914,K30T5-150914
http://mus.utu.fi/ZMUT.K31T1-141023,K31T1-141023
http://mus.utu.fi/ZMUT.K31T1-141106,K31T1-141106
http://mus.utu.fi/ZMUT.K31T1-141120,K31T1-141120
http://mus.utu.fi/ZMUT.K31T1-141204,K31T1-141204
http://mus.utu.fi/ZMUT.K31T1-141217,K31T1-141217
http://mus.utu.fi/ZMUT.K31T1-141229,K31T1-141229
http://mus.utu.fi/ZMUT.K31T1-150116,K31T1-150116
http://mus.utu.fi/ZMUT.K31T1-150130,K31T1-150130
http://mus.utu.fi/ZMUT.K31T1-150213,K31T1-150213
http://mus.utu.fi/ZMUT.K31T1-150226,K31T1-150226
http://mus.utu.fi/ZMUT.K31T1-150314,K31T1-150314
http://mus.utu.fi/ZMUT.K31T1-150326,K31T1-150326
http://mus.utu.fi/ZMUT.K31T1-150409,K31T1-150409
http://mus.utu.fi/ZMUT.K31T1-150423,K31T1-150423
http://mus.utu.fi/ZMUT.K31T1-150509,K31T1-150509
http://mus.utu.fi/ZMUT.K31T1-150523,K31T1-150523
http://mus.utu.fi/ZMUT.K31T1-150604,K31T1-150604
http://mus.utu.fi/ZMUT.K31T1-150618,K31T1-150618
http://mus.utu.fi/ZMUT.K31T1-150702,K31T1-150702
http://mus.utu.fi/ZMUT.K31T1-150716,K31T1-150716
http://mus.utu.fi/ZMUT.K31T1-150730,K31T1-150730
http://mus.utu.fi/ZMUT.K31T1-150814,K31T1-150814
http://mus.utu.fi/ZMUT.K31T1-150826,K31T1-150826
http://mus.utu.fi/ZMUT.K31T1-150912,K31T1-150912
http://mus.utu.fi/ZMUT.K31T2-141023,K31T2-141023
http://mus.utu.fi/ZMUT.K31T2-141106,K31T2-141106
http://mus.utu.fi/ZMUT.K31T2-141120,K31T2-141120
http://mus.utu.fi/ZMUT.K31T2-141204,K31T2-141204
http://mus.utu.fi/ZMUT.K31T2-141217,K31T2-141217
http://mus.utu.fi/ZMUT.K31T2-141229,K31T2-141229
http://mus.utu.fi/ZMUT.K31T2-150116,K31T2-150116
http://mus.utu.fi/ZMUT.K31T2-150130,K31T2-150130
http://mus.utu.fi/ZMUT.K31T2-150213,K31T2-150213
http://mus.utu.fi/ZMUT.K31T2-150226,K31T2-150226
http://mus.utu.fi/ZMUT.K31T2-150314,K31T2-150314
http://mus.utu.fi/ZMUT.K31T2-150326,K31T2-150326
http://mus.utu.fi/ZMUT.K31T2-150409,K31T2-150409
http://mus.utu.fi/ZMUT.K31T2-150423,K31T2-150423
http://mus.utu.fi/ZMUT.K31T2-150509,K31T2-150509
http://mus.utu.fi/ZMUT.K31T2-150523,K31T2-150523
http://mus.utu.fi/ZMUT.K31T2-150604,K31T2-150604
http://mus.utu.fi/ZMUT.K31T2-150618,K31T2-150618
http://mus.utu.fi/ZMUT.K31T2-150702,K31T2-150702
http://mus.utu.fi/ZMUT.K31T2-150716,K31T2-150716
http://mus.utu.fi/ZMUT.K31T2-150730,K31T2-150730
http://mus.utu.fi/ZMUT.K31T2-150814,K31T2-150814
http://mus.utu.fi/ZMUT.K31T2-150826,K31T2-150826
http://mus.utu.fi/ZMUT.K31T2-150912,K31T2-150912
http://mus.utu.fi/ZMUT.K31T3-141023,K31T3-141023
http://mus.utu.fi/ZMUT.K31T3-141106,K31T3-141106
http://mus.utu.fi/ZMUT.K31T3-141120,K31T3-141120
http://mus.utu.fi/ZMUT.K31T3-141204,K31T3-141204
http://mus.utu.fi/ZMUT.K31T3-141217,K31T3-141217
http://mus.utu.fi/ZMUT.K31T3-141229,K31T3-141229
http://mus.utu.fi/ZMUT.K31T3-150116,K31T3-150116
http://mus.utu.fi/ZMUT.K31T3-150130,K31T3-150130
http://mus.utu.fi/ZMUT.K31T3-150213,K31T3-150213
http://mus.utu.fi/ZMUT.K31T3-150226,K31T3-150226
http://mus.utu.fi/ZMUT.K31T3-150314,K31T3-150314
http://mus.utu.fi/ZMUT.K31T3-150326,K31T3-150326
http://mus.utu.fi/ZMUT.K31T3-150409,K31T3-150409
http://mus.utu.fi/ZMUT.K31T3-150423,K31T3-150423
http://mus.utu.fi/ZMUT.K31T3-150509,K31T3-150509
http://mus.utu.fi/ZMUT.K31T3-150523,K31T3-150523
http://mus.utu.fi/ZMUT.K31T3-150604,K31T3-150604
http://mus.utu.fi/ZMUT.K31T3-150618,K31T3-150618
http://mus.utu.fi/ZMUT.K31T3-150702,K31T3-150702
http://mus.utu.fi/ZMUT.K31T3-150716,K31T3-150716
http://mus.utu.fi/ZMUT.K31T3-150730,K31T3-150730
http://mus.utu.fi/ZMUT.K31T3-150817,K31T3-150817
http://mus.utu.fi/ZMUT.K31T3-150826,K31T3-150826
http://mus.utu.fi/ZMUT.K31T3-150912,K31T3-150912
http://mus.utu.fi/ZMUT.K31T4-141023,K31T4-141023
http://mus.utu.fi/ZMUT.K31T4-141106,K31T4-141106
http://mus.utu.fi/ZMUT.K31T4-141120,K31T4-141120
http://mus.utu.fi/ZMUT.K31T4-141204,K31T4-141204
http://mus.utu.fi/ZMUT.K31T4-141217,K31T4-141217
http://mus.utu.fi/ZMUT.K31T4-141229,K31T4-141229
http://mus.utu.fi/ZMUT.K31T4-150116,K31T4-150116
http://mus.utu.fi/ZMUT.K31T4-150130,K31T4-150130
http://mus.utu.fi/ZMUT.K31T4-150213,K31T4-150213
http://mus.utu.fi/ZMUT.K31T4-150226,K31T4-150226
http://mus.utu.fi/ZMUT.K31T4-150314,K31T4-150314
http://mus.utu.fi/ZMUT.K31T4-150326,K31T4-150326
http://mus.utu.fi/ZMUT.K31T4-150409,K31T4-150409
http://mus.utu.fi/ZMUT.K31T4-150423,K31T4-150423
http://mus.utu.fi/ZMUT.K31T4-150509,K31T4-150509
http://mus.utu.fi/ZMUT.K31T4-150523,K31T4-150523
http://mus.utu.fi/ZMUT.K31T4-150604,K31T4-150604
http://mus.utu.fi/ZMUT.K31T4-150618,K31T4-150618
http://mus.utu.fi/ZMUT.K31T4-150702,K31T4-150702
http://mus.utu.fi/ZMUT.K31T4-150716,K31T4-150716
http://mus.utu.fi/ZMUT.K31T4-150730,K31T4-150730
http://mus.utu.fi/ZMUT.K31T4-150817,K31T4-150817
http://mus.utu.fi/ZMUT.K31T4-150826,K31T4-150826
http://mus.utu.fi/ZMUT.K31T4-150912,K31T4-150912
http://mus.utu.fi/ZMUT.R93T1-140909,R93T1-140909
http://mus.utu.fi/ZMUT.R93T1-140923,R93T1-140923
http://mus.utu.fi/ZMUT.R93T1-141007,R93T1-141007
http://mus.utu.fi/ZMUT.R93T1-141020,R93T1-141020
http://mus.utu.fi/ZMUT.R93T1-141103,R93T1-141103
http://mus.utu.fi/ZMUT.R93T1-141117,R93T1-141117
http://mus.utu.fi/ZMUT.R93T1-141201,R93T1-141201
http://mus.utu.fi/ZMUT.R93T1-141214,R93T1-141214
http://mus.utu.fi/ZMUT.R93T1-141226,R93T1-141226
http://mus.utu.fi/ZMUT.R93T1-150112,R93T1-150112
http://mus.utu.fi/ZMUT.R93T1-150126,R93T1-150126
http://mus.utu.fi/ZMUT.R93T1-150209,R93T1-150209
http://mus.utu.fi/ZMUT.R93T1-150223,R93T1-150223
http://mus.utu.fi/ZMUT.R93T1-150309,R93T1-150309
http://mus.utu.fi/ZMUT.R93T1-150323,R93T1-150323
http://mus.utu.fi/ZMUT.R93T1-150406,R93T1-150406
http://mus.utu.fi/ZMUT.R93T1-150420,R93T1-150420
http://mus.utu.fi/ZMUT.R93T1-150504,R93T1-150504
http://mus.utu.fi/ZMUT.R93T1-150518,R93T1-150518
http://mus.utu.fi/ZMUT.R93T1-150601,R93T1-150601
http://mus.utu.fi/ZMUT.R93T1-150615,R93T1-150615
http://mus.utu.fi/ZMUT.R93T1-150629,R93T1-150629
http://mus.utu.fi/ZMUT.R93T1-150713,R93T1-150713
http://mus.utu.fi/ZMUT.R93T1-150727,R93T1-150727
http://mus.utu.fi/ZMUT.R93T1-150803,R93T1-150803
http://mus.utu.fi/ZMUT.R93T1-15080311,R93T1-15080311
http://mus.utu.fi/ZMUT.R93T1-15080315,R93T1-15080315
http://mus.utu.fi/ZMUT.R93T1-15080319,R93T1-15080319
http://mus.utu.fi/ZMUT.R93T1-15080323,R93T1-15080323
http://mus.utu.fi/ZMUT.R93T1-15080403,R93T1-15080403
http://mus.utu.fi/ZMUT.R93T1-15080407,R93T1-15080407
http://mus.utu.fi/ZMUT.R93T1-15080411,R93T1-15080411
http://mus.utu.fi/ZMUT.R93T1-15080415,R93T1-15080415
http://mus.utu.fi/ZMUT.R93T1-15080419,R93T1-15080419
http://mus.utu.fi/ZMUT.R93T1-15080423,R93T1-15080423
http://mus.utu.fi/ZMUT.R93T1-15080503,R93T1-15080503
http://mus.utu.fi/ZMUT.R93T1-15080507,R93T1-15080507
http://mus.utu.fi/ZMUT.R93T1-15080511,R93T1-15080511
http://mus.utu.fi/ZMUT.R93T1-150810,R93T1-150810
http://mus.utu.fi/ZMUT.R93T1-150824,R93T1-150824
http://mus.utu.fi/ZMUT.R93T1-150907,R93T1-150907
http://mus.utu.fi/ZMUT.R93T1-150914,R93T1-150914
http://mus.utu.fi/ZMUT.R93T2-140925,R93T2-140925
http://mus.utu.fi/ZMUT.R93T2-141009,R93T2-141009
http://mus.utu.fi/ZMUT.R93T2-141020,R93T2-141020
http://mus.utu.fi/ZMUT.R93T2-141103,R93T2-141103
http://mus.utu.fi/ZMUT.R93T2-141117,R93T2-141117
http://mus.utu.fi/ZMUT.R93T2-141201,R93T2-141201
http://mus.utu.fi/ZMUT.R93T2-141214,R93T2-141214
http://mus.utu.fi/ZMUT.R93T2-141226,R93T2-141226
http://mus.utu.fi/ZMUT.R93T2-150112,R93T2-150112
http://mus.utu.fi/ZMUT.R93T2-150126,R93T2-150126
http://mus.utu.fi/ZMUT.R93T2-150209,R93T2-150209
http://mus.utu.fi/ZMUT.R93T2-150223,R93T2-150223
http://mus.utu.fi/ZMUT.R93T2-150309,R93T2-150309
http://mus.utu.fi/ZMUT.R93T2-150323,R93T2-150323
http://mus.utu.fi/ZMUT.R93T2-150406,R93T2-150406
http://mus.utu.fi/ZMUT.R93T2-150420,R93T2-150420
http://mus.utu.fi/ZMUT.R93T2-150504,R93T2-150504
http://mus.utu.fi/ZMUT.R93T2-150518,R93T2-150518
http://mus.utu.fi/ZMUT.R93T2-150601,R93T2-150601
http://mus.utu.fi/ZMUT.R93T2-150615,R93T2-150615
http://mus.utu.fi/ZMUT.R93T2-150629,R93T2-150629
http://mus.utu.fi/ZMUT.R93T2-150713,R93T2-150713
http://mus.utu.fi/ZMUT.R93T2-150727,R93T2-150727
http://mus.utu.fi/ZMUT.R93T2-150810,R93T2-150810
http://mus.utu.fi/ZMUT.R93T2-150824,R93T2-150824
http://mus.utu.fi/ZMUT.R93T2-150907,R93T2-150907
http://mus.utu.fi/ZMUT.R93T2-150914,R93T2-150914
http://mus.utu.fi/ZMUT.R98T1-141024,R98T1-141024
http://mus.utu.fi/ZMUT.R98T1-141107,R98T1-141107
http://mus.utu.fi/ZMUT.R98T1-141121,R98T1-141121
http://mus.utu.fi/ZMUT.R98T1-141205,R98T1-141205
http://mus.utu.fi/ZMUT.R98T1-141216,R98T1-141216
http://mus.utu.fi/ZMUT.R98T1-141229,R98T1-141229
http://mus.utu.fi/ZMUT.R98T1-150114,R98T1-150114
http://mus.utu.fi/ZMUT.R98T1-150129,R98T1-150129
http://mus.utu.fi/ZMUT.R98T1-150212,R98T1-150212
http://mus.utu.fi/ZMUT.R98T1-150227,R98T1-150227
http://mus.utu.fi/ZMUT.R98T1-150314,R98T1-150314
http://mus.utu.fi/ZMUT.R98T1-150327,R98T1-150327
http://mus.utu.fi/ZMUT.R98T1-150410,R98T1-150410
http://mus.utu.fi/ZMUT.R98T1-150424,R98T1-150424
http://mus.utu.fi/ZMUT.R98T1-150508,R98T1-150508
http://mus.utu.fi/ZMUT.R98T1-150522,R98T1-150522
http://mus.utu.fi/ZMUT.R98T1-150605,R98T1-150605
http://mus.utu.fi/ZMUT.R98T1-150619,R98T1-150619
http://mus.utu.fi/ZMUT.R98T1-150703,R98T1-150703
http://mus.utu.fi/ZMUT.R98T1-150717,R98T1-150717
http://mus.utu.fi/ZMUT.R98T1-150731,R98T1-150731
http://mus.utu.fi/ZMUT.R98T1-150813,R98T1-150813
http://mus.utu.fi/ZMUT.R98T1-150828,R98T1-150828
http://mus.utu.fi/ZMUT.R98T1-150914,R98T1-150914
http://mus.utu.fi/ZMUT.R98T2-141024,R98T2-141024
http://mus.utu.fi/ZMUT.R98T2-141107,R98T2-141107
http://mus.utu.fi/ZMUT.R98T2-141121,R98T2-141121
http://mus.utu.fi/ZMUT.R98T2-141205,R98T2-141205
http://mus.utu.fi/ZMUT.R98T2-141216,R98T2-141216
http://mus.utu.fi/ZMUT.R98T2-141229,R98T2-141229
http://mus.utu.fi/ZMUT.R98T2-150114,R98T2-150114
http://mus.utu.fi/ZMUT.R98T2-150129,R98T2-150129
http://mus.utu.fi/ZMUT.R98T2-150212,R98T2-150212
http://mus.utu.fi/ZMUT.R98T2-150227,R98T2-150227
http://mus.utu.fi/ZMUT.R98T2-150314,R98T2-150314
http://mus.utu.fi/ZMUT.R98T2-150327,R98T2-150327
http://mus.utu.fi/ZMUT.R98T2-150410,R98T2-150410
http://mus.utu.fi/ZMUT.R98T2-150424,R98T2-150424
http://mus.utu.fi/ZMUT.R98T2-150508,R98T2-150508
http://mus.utu.fi/ZMUT.R98T2-150522,R98T2-150522
http://mus.utu.fi/ZMUT.R98T2-150605,R98T2-150605
http://mus.utu.fi/ZMUT.R98T2-150619,R98T2-150619
http://mus.utu.fi/ZMUT.R98T2-150703,R98T2-150703
http://mus.utu.fi/ZMUT.R98T2-150717,R98T2-150717
http://mus.utu.fi/ZMUT.R98T2-150731,R98T2-150731
http://mus.utu.fi/ZMUT.R98T2-150813,R98T2-150813
http://mus.utu.fi/ZMUT.R98T2-150828,R98T2-150828
http://mus.utu.fi/ZMUT.R98T2-150914,R98T2-150914